dataset,band,prevalence_position,blocks,certification_fraction,learner_certification_fraction,mean_bound,mean_lcb_utility,mean_empirical_utility,mean_lcb_regret,mean_empirical_regret
bank_marketing,cp,high,15,0.0,0.0,0.06682154030467738,0.8217290445684836,0.8212082405530428,0.0029497963591015013,0.0034706003745424317
bank_marketing,cp,low,15,0.0,0.0,0.07548502031474244,0.7111678121537338,0.7095487753923009,0.0006851312335676892,0.0023041679950005574
bank_marketing,cp,source,15,0.0,0.0,0.07344697745531273,0.7771611867412498,0.7771611867412498,0.001064404494728969,0.001064404494728969
bank_marketing,dkw,high,15,0.0,0.0,0.10655992309226242,0.8207013549225183,0.8212082405530428,0.003977486005066792,0.0034706003745424317
bank_marketing,dkw,low,15,0.0,0.0,0.1557758283264037,0.710880785573059,0.7095487753923009,0.0009721578142423878,0.0023041679950005574
bank_marketing,dkw,source,15,0.0,0.0,0.12324538655753606,0.7771611867412498,0.7771611867412498,0.001064404494728969,0.001064404494728969
churn,cp,high,15,0.0,0.0,0.16335591501568233,0.9030761937316683,0.9009748771095426,0.006496672727338974,0.008597989349464564
churn,cp,low,15,0.0,0.0,0.21003428897319623,0.8681008176579089,0.8681008176579089,0.012319044873440932,0.012319044873440932
churn,cp,source,15,0.0,0.0,0.1785898988117614,0.8917987182930952,0.8917987182930952,0.007447057399621052,0.007447057399621052
churn,dkw,high,15,0.0,0.0,0.2541008685510505,0.9031033788502734,0.9009748771095426,0.006469487608733834,0.008597989349464564
churn,dkw,low,15,0.0,0.0,0.34906261159654867,0.8639392394585421,0.8681008176579089,0.01648062307280768,0.012319044873440932
churn,dkw,source,15,0.0,0.0,0.2910576555309633,0.8873051632017876,0.8917987182930952,0.011940612490928556,0.007447057399621052
credit_g,cp,high,15,0.0,0.0,0.4103938165342793,0.689940611321419,0.689940611321419,0.05374440548304279,0.05374440548304279
credit_g,cp,low,15,0.0,0.0,0.3966497268304118,0.6678921492547895,0.6566724940575772,0.01822365731320997,0.029443312510422183
credit_g,cp,source,15,0.0,0.0,0.399410495837586,0.6866605334072341,0.68748957401676,0.041488207201452056,0.040659166591926206
credit_g,dkw,high,15,0.0,0.0,0.5227523714334477,0.689940611321419,0.689940611321419,0.05374440548304279,0.05374440548304279
credit_g,dkw,low,15,0.0,0.0,0.5391598792265901,0.650416001138532,0.6566724940575772,0.035699805429467366,0.029443312510422183
credit_g,dkw,source,15,0.0,0.0,0.5191028778883721,0.6755387795125884,0.68748957401676,0.05260996109609775,0.040659166591926206
jm1,cp,high,15,0.0,0.0,0.1456227583944759,0.6720910917010332,0.6727360381292099,0.012389705037726325,0.011744758609549644
jm1,cp,low,15,0.0,0.0,0.1384926752522069,0.6154695111446744,0.6140481512572926,0.00805804750011087,0.009479407387492755
jm1,cp,source,15,0.0,0.0,0.14571512205216575,0.6561166565759626,0.6561166565759626,0.008367641091605652,0.008367641091605652
jm1,dkw,high,15,0.0,0.0,0.18225027246613743,0.6739659338960512,0.6727360381292099,0.010514862842708342,0.011744758609549644
jm1,dkw,low,15,0.0,0.0,0.2089760468953017,0.6179579773087563,0.6140481512572926,0.005569581336029072,0.009479407387492755
jm1,dkw,source,15,0.0,0.0,0.2001706552933549,0.6546589031710325,0.6561166565759626,0.00982539449653584,0.008367641091605652
kc1,cp,high,15,0.0,0.0,0.3176922773781831,0.6969033770980894,0.7018272047325949,0.04000756965004119,0.03508374201553577
kc1,cp,low,15,0.0,0.0,0.33981887200391026,0.6189019219745575,0.622286632469665,0.03930029099690327,0.03591558050179566
kc1,cp,source,15,0.0,0.0,0.3275192328630881,0.6493405640423133,0.6547063160788283,0.051700021608951076,0.046334269572436
kc1,dkw,high,15,0.0,0.0,0.42324077832027246,0.7066984569438991,0.7018272047325949,0.030212489804231493,0.03508374201553577
kc1,dkw,low,15,0.0,0.0,0.4774956846777901,0.6050790010431256,0.622286632469665,0.05312321192833506,0.03591558050179566
kc1,dkw,source,15,0.0,0.0,0.4492271587137185,0.6573738212451421,0.6547063160788283,0.043666764406122334,0.046334269572436
ozone,cp,high,15,0.0,0.0,0.3697192501586936,0.766006019513536,0.750255297328266,0.03854920030032594,0.05429992248559583
ozone,cp,low,15,0.0,0.0,0.38752852571375407,0.660709941431327,0.6682842937148495,0.05538843711871939,0.04781408483519695
ozone,cp,source,15,0.0,0.0,0.3889228403695256,0.7230015007522165,0.7135359264047654,0.04031876041001235,0.049784334757463376
ozone,dkw,high,15,0.0,0.0,0.47342800471871865,0.7583091215204256,0.750255297328266,0.046246098293436254,0.05429992248559583
ozone,dkw,low,15,0.0,0.0,0.5196110538966814,0.6646323842447969,0.6682842937148495,0.05146599430524957,0.04781408483519695
ozone,dkw,source,15,0.0,0.0,0.5035729575967907,0.7088579123678784,0.7135359264047654,0.05446234879435044,0.049784334757463376
pc4,cp,high,15,0.0,0.0,0.3375553594813611,0.806343176453955,0.8037378706566612,0.060542148672349465,0.06314745446964327
pc4,cp,low,15,0.0,0.0,0.4011970484298652,0.729988434976777,0.7349806992858938,0.040980403656897174,0.0359881393477804
pc4,cp,source,15,0.0,0.0,0.3727851974394431,0.7577158231597566,0.7791919472033878,0.06110195386128861,0.03962582981765745
pc4,dkw,high,15,0.0,0.0,0.4285045736163353,0.8084515825594677,0.8037378706566612,0.058433742566836755,0.06314745446964327
pc4,dkw,low,15,0.0,0.0,0.5090882436479081,0.7166523651893743,0.7349806992858938,0.05431647344429997,0.0359881393477804
pc4,dkw,source,15,0.0,0.0,0.47215144294187644,0.7553981660680866,0.7791919472033878,0.06341961095295857,0.03962582981765745
sick,cp,high,15,0.0,0.0,0.2014451548847295,0.9388330478321776,0.938963074897622,0.00664130339519741,0.006511276329752902
sick,cp,low,15,0.0,0.0,0.3004843917157825,0.8938456023861908,0.9086083023232354,0.025130820987554408,0.0103681210505098
sick,cp,source,15,0.0,0.0,0.24623621536207593,0.9158314966163739,0.9237935300367677,0.017458969744835334,0.009496936324441551
sick,dkw,high,15,0.0,0.0,0.3074448482184563,0.9326646760319445,0.938963074897622,0.012809675195430503,0.006511276329752902
sick,dkw,low,15,0.0,0.0,0.42532202500529986,0.8752356912479272,0.9086083023232354,0.043740732125817985,0.0103681210505098
sick,dkw,source,15,0.0,0.0,0.3680749199861534,0.9139984554097115,0.9237935300367677,0.0192920109514977,0.009496936324441551
wilt,cp,high,15,0.0,0.0,0.18809001772727632,0.9135212938996594,0.9166024808858726,0.02572534032832973,0.02264415334211657
wilt,cp,low,15,0.0,0.0,0.27909599690907405,0.8844567986847198,0.8906307750556937,0.025477382093467674,0.019303405722493797
wilt,cp,source,15,0.0,0.0,0.2271811950033737,0.9029899221564741,0.9104331895215417,0.024722205797013362,0.017278938431945782
wilt,dkw,high,15,0.0,0.0,0.29940144337695435,0.9113582966997089,0.9166024808858726,0.027888337528280238,0.02264415334211657
wilt,dkw,low,15,0.0,0.0,0.41785447899945394,0.8461780736249602,0.8906307750556937,0.06375610715322726,0.019303405722493797
wilt,dkw,source,15,0.0,0.0,0.35959619029267437,0.8870728344949106,0.9104331895215417,0.04063929345857694,0.017278938431945782
