dataset,split_seed,fold,calibration_n1,calibration_n0,evaluation_n1,evaluation_n0
bank_marketing,0,0,529,3992,529,3993
bank_marketing,0,1,528,3992,529,3993
bank_marketing,0,2,529,3992,529,3992
bank_marketing,0,3,529,3992,529,3992
bank_marketing,0,4,529,3992,529,3992
bank_marketing,1,0,529,3992,529,3993
bank_marketing,1,1,528,3992,529,3993
bank_marketing,1,2,529,3992,529,3992
bank_marketing,1,3,529,3992,529,3992
bank_marketing,1,4,529,3992,529,3992
bank_marketing,2,0,529,3992,529,3993
bank_marketing,2,1,528,3992,529,3993
bank_marketing,2,2,529,3992,529,3992
bank_marketing,2,3,529,3992,529,3992
bank_marketing,2,4,529,3992,529,3992
churn,0,0,70,429,71,430
churn,0,1,70,429,71,430
churn,0,2,70,429,71,430
churn,0,3,71,429,71,429
churn,0,4,71,429,71,429
churn,1,0,70,429,71,430
churn,1,1,70,429,71,430
churn,1,2,70,429,71,430
churn,1,3,71,429,71,429
churn,1,4,71,429,71,429
churn,2,0,70,429,71,430
churn,2,1,70,429,71,430
churn,2,2,70,429,71,430
churn,2,3,71,429,71,429
churn,2,4,71,429,71,429
credit_g,0,0,30,70,30,70
credit_g,0,1,30,70,30,70
credit_g,0,2,30,70,30,70
credit_g,0,3,30,70,30,70
credit_g,0,4,30,70,30,70
credit_g,1,0,30,70,30,70
credit_g,1,1,30,70,30,70
credit_g,1,2,30,70,30,70
credit_g,1,3,30,70,30,70
credit_g,1,4,30,70,30,70
credit_g,2,0,30,70,30,70
credit_g,2,1,30,70,30,70
credit_g,2,2,30,70,30,70
credit_g,2,3,30,70,30,70
credit_g,2,4,30,70,30,70
jm1,0,0,210,878,211,878
jm1,0,1,210,878,211,878
jm1,0,2,210,878,211,878
jm1,0,3,210,878,211,878
jm1,0,4,211,877,211,878
jm1,1,0,210,878,211,878
jm1,1,1,210,878,211,878
jm1,1,2,210,878,211,878
jm1,1,3,210,878,211,878
jm1,1,4,211,877,211,878
jm1,2,0,210,878,211,878
jm1,2,1,210,878,211,878
jm1,2,2,210,878,211,878
jm1,2,3,210,878,211,878
jm1,2,4,211,877,211,878
kc1,0,0,32,178,33,179
kc1,0,1,32,178,33,179
kc1,0,2,32,178,33,179
kc1,0,3,33,178,33,178
kc1,0,4,32,178,33,178
kc1,1,0,32,178,33,179
kc1,1,1,32,178,33,179
kc1,1,2,32,178,33,179
kc1,1,3,33,178,33,178
kc1,1,4,32,178,33,178
kc1,2,0,32,178,33,179
kc1,2,1,32,178,33,179
kc1,2,2,32,178,33,179
kc1,2,3,33,178,33,178
kc1,2,4,32,178,33,178
ozone,0,0,16,237,16,238
ozone,0,1,16,237,16,238
ozone,0,2,16,237,16,238
ozone,0,3,16,237,16,238
ozone,0,4,16,237,16,237
ozone,1,0,16,237,16,238
ozone,1,1,16,237,16,238
ozone,1,2,16,237,16,238
ozone,1,3,16,237,16,238
ozone,1,4,16,237,16,237
ozone,2,0,16,237,16,238
ozone,2,1,16,237,16,238
ozone,2,2,16,237,16,238
ozone,2,3,16,237,16,238
ozone,2,4,16,237,16,237
pc4,0,0,18,128,18,128
pc4,0,1,18,128,18,128
pc4,0,2,18,128,18,128
pc4,0,3,17,128,18,128
pc4,0,4,17,128,18,128
pc4,1,0,18,128,18,128
pc4,1,1,18,128,18,128
pc4,1,2,18,128,18,128
pc4,1,3,17,128,18,128
pc4,1,4,17,128,18,128
pc4,2,0,18,128,18,128
pc4,2,1,18,128,18,128
pc4,2,2,18,128,18,128
pc4,2,3,17,128,18,128
pc4,2,4,17,128,18,128
sick,0,0,23,354,23,355
sick,0,1,23,354,24,354
sick,0,2,23,354,23,354
sick,0,3,23,354,23,354
sick,0,4,23,354,23,354
sick,1,0,23,354,23,355
sick,1,1,23,354,24,354
sick,1,2,23,354,23,354
sick,1,3,23,354,23,354
sick,1,4,23,354,23,354
sick,2,0,23,354,23,355
sick,2,1,23,354,24,354
sick,2,2,23,354,23,354
sick,2,3,23,354,23,354
sick,2,4,23,354,23,354
wilt,0,0,26,457,27,458
wilt,0,1,26,458,26,458
wilt,0,2,26,458,26,458
wilt,0,3,26,458,26,458
wilt,0,4,26,457,26,458
wilt,1,0,26,457,27,458
wilt,1,1,26,458,26,458
wilt,1,2,26,458,26,458
wilt,1,3,26,458,26,458
wilt,1,4,26,457,26,458
wilt,2,0,26,457,27,458
wilt,2,1,26,458,26,458
wilt,2,2,26,458,26,458
wilt,2,3,26,458,26,458
wilt,2,4,26,457,26,458
