scenario,n1,band,repetitions,rate_covered,rate_covered_mcse,metric_covered,metric_covered_mcse,false_certification_any,false_certification_any_mcse,dkw_full_score_band_covered,dkw_full_score_band_covered_mcse,certification_any,certification_any_mcse,certification_grid_fraction,certification_grid_fraction_mcse,learner_certification_grid_fraction,learner_certification_grid_fraction_mcse,learner_certification_any,learner_certification_any_mcse,false_learner_certification_any,false_learner_certification_any_mcse,regret_bound_covered,regret_bound_covered_mcse,mean_lcb_regret,mean_lcb_regret_mcse,worst_lcb_regret,worst_lcb_regret_mcse,mean_empirical_regret,mean_empirical_regret_mcse,worst_nominal_regret,worst_nominal_regret_mcse,worst_minimax_regret,worst_minimax_regret_mcse,mean_regret_bound,mean_regret_bound_mcse,mean_selected_utility,mean_selected_utility_mcse
atoms,25,cp,1000,0.994,0.002443352199329841,1.0,0.0,0.0,0.0,,,0.0,0.0,0.0,0.0,0.0,0.0,0.0,0.0,0.0,0.0,1.0,0.0,0.0764058328969052,0.0008092270187759215,0.20297639148743024,0.0013005830965231403,0.011708391554889985,0.00033393811847541474,0.13810737059343148,0.0012622986214592782,0.09271227735700305,0.0008228779133010894,0.36603193442655424,0.0008114248556886017,0.5095638851403635,0.0008092270187759219
atoms,25,dkw,1000,0.994,0.002443352199329841,1.0,0.0,0.0,0.0,0.994,0.002443352199329841,0.0,0.0,0.0,0.0,0.0,0.0,0.0,0.0,0.0,0.0,1.0,0.0,0.07566867106585425,0.0009766203436527851,0.20203872842725554,0.0014718335304368636,0.011708391554889985,0.00033393811847541474,0.13810737059343148,0.0012622986214592782,0.09271227735700305,0.0008228779133010894,0.414081237723044,0.0007705848604647565,0.5103010469714145,0.000976620343652786
atoms,100,cp,1000,0.992,0.0028185003005044974,0.999,0.001,0.0,0.0,,,0.0,0.0,0.0,0.0,0.0,0.0,0.0,0.0,0.0,0.0,1.0,0.0,0.01860663328865546,0.0002877872000079781,0.08219487614243008,0.0006972680035695137,0.004459617627424581,0.00013066484664013363,0.14184860591529797,0.0005372649796424303,0.08463812677975159,0.00046033274887490424,0.19738442800294126,0.00031578645815468284,0.5673630847486133,0.00028778720000797813
atoms,100,dkw,1000,0.998,0.0014135055705578234,1.0,0.0,0.0,0.0,0.998,0.0014135055705578234,0.0,0.0,0.0,0.0,0.0,0.0,0.0,0.0,0.0,0.0,1.0,0.0,0.020446915051661366,0.0002207467781338363,0.095258966323284,0.0004682676213441662,0.004459617627424581,0.00013066484664013363,0.14184860591529797,0.0005372649796424303,0.08463812677975159,0.00046033274887490424,0.22476109551780954,0.0004371420522495059,0.5655228029856073,0.00022074677813383608
atoms,400,cp,1000,0.992,0.0028185003005044974,0.999,0.0010000000000000002,0.0,0.0,,,0.0,0.0,0.0,0.0,0.0,0.0,0.0,0.0,0.0,0.0,1.0,0.0,0.0038130158735867324,7.780382291231658e-05,0.02754739960144319,0.00027929828458182727,0.0017353284285531408,7.760272223107012e-05,0.14154341721849192,8.78147550742909e-19,0.08074175116743129,7.799973087584152e-05,0.10011710761822147,9.035937871765795e-05,0.582156702163682,7.780382291231678e-05
atoms,400,dkw,1000,0.997,0.0017303161543469432,1.0,0.0,0.0,0.0,0.997,0.0017303161543469432,0.0,0.0,0.0,0.0,0.0,0.0,0.0,0.0,0.0,0.0,1.0,0.0,0.004963724192467681,9.703361120149135e-05,0.0405155184003352,0.0004152776439566094,0.0017353284285531408,7.760272223107012e-05,0.14154341721849192,8.78147550742909e-19,0.08074175116743129,7.799973087584152e-05,0.11186475593326052,0.00010344885644411631,0.5810059938448011,9.703361120149151e-05
crossing,25,cp,1000,0.986,0.0037172325482565404,0.999,0.001,0.0,0.0,,,0.0,0.0,0.0,0.0,0.0,0.0,0.0,0.0,0.0,0.0,1.0,0.0,0.06898444364853293,0.0008141459947497112,0.19351098662295957,0.0014541859506566582,0.01531854315527413,0.00034758946708334713,0.16544105043703605,0.0017279399767160782,0.10159887163558447,0.0008051651396388691,0.3692097139763001,0.0007517275101011663,0.5308443515221011,0.0008141459947497115
crossing,25,dkw,1000,0.99,0.0031480009386767836,0.999,0.001,0.0,0.0,0.965,0.005814534272734904,0.0,0.0,0.0,0.0,0.0,0.0,0.0,0.0,0.0,0.0,1.0,0.0,0.06557691674723577,0.0007986761810443841,0.18947288803345808,0.001472152710053302,0.01531854315527413,0.00034758946708334713,0.16544105043703605,0.0017279399767160782,0.10159887163558447,0.0008051651396388691,0.41808877612541334,0.0009350774876193381,0.5342518784233983,0.0007986761810443845
crossing,100,cp,1000,0.979,0.004536472151306517,0.996,0.0019969947390987264,0.0,0.0,,,0.0,0.0,0.0,0.0,0.0,0.0,0.0,0.0,0.0,0.0,1.0,0.0,0.016293625455700053,0.00023535274100442902,0.07956553969428784,0.0006958699477902272,0.005473698798708983,0.00014736910522037354,0.16478091578115253,0.0013918347306275463,0.08903134698716687,0.0003989456340916348,0.19283163089132638,0.0003298786821446917,0.583535169714934,0.0002353527410044286
crossing,100,dkw,1000,0.992,0.0028185003005044974,0.999,0.0010000000000000002,0.0,0.0,0.966,0.0057338361396953854,0.0,0.0,0.0,0.0,0.0,0.0,0.0,0.0,0.0,0.0,1.0,0.0,0.018364132480778013,0.00018756588609269176,0.09147292736221309,0.0005511104389283988,0.005473698798708983,0.00014736910522037354,0.16478091578115253,0.0013918347306275463,0.08903134698716687,0.0003989456340916348,0.22661281391099572,0.0004333554832558349,0.5814646626898559,0.00018756588609269146
crossing,400,cp,1000,0.976,0.004842256441727085,0.996,0.001996994739098726,0.0,0.0,,,0.0,0.0,0.0,0.0,0.0,0.0,0.0,0.0,0.0,0.0,1.0,0.0,0.002566933042918991,4.3326555928898786e-05,0.023942722145417327,0.0003350148751807126,0.0014537817878209408,3.7476514217402015e-05,0.1669135047462358,0.0012478361479630162,0.08332207782253676,0.00019301332850013493,0.09626358092132155,8.821916333293962e-05,0.5972618621277149,4.332655592889892e-05
crossing,400,dkw,1000,0.993,0.0026377941462437807,1.0,0.0,0.0,0.0,0.949,0.006960420062571471,0.0,0.0,0.0,0.0,0.0,0.0,0.0,0.0,0.0,0.0,1.0,0.0,0.004720669091561449,6.0021931954448875e-05,0.04251092551832831,0.000336789849369799,0.0014537817878209408,3.7476514217402015e-05,0.1669135047462358,0.0012478361479630162,0.08332207782253676,0.00019301332850013493,0.11361195746871572,8.665268301855039e-05,0.5951081260790725,6.0021931954448983e-05
identical,25,cp,1000,0.994,0.002443352199329841,0.998,0.0014135055705578234,0.0,0.0,,,0.0,0.0,0.0,0.0,0.0,0.0,0.0,0.0,0.0,0.0,1.0,0.0,0.034920993952470905,0.0008650803739058677,0.173986740248125,0.0018211659019717627,0.01069031064548814,0.0002780823525952282,0.09595962666820657,0.0014986908312965925,0.078397978472838,0.0011441186093048461,0.4136989093662955,0.00046668337867153154,0.6883476148938492,0.0008650803739058681
identical,25,dkw,1000,0.996,0.001996994739098726,0.998,0.0014135055705578234,0.0,0.0,0.985,0.0038457495745029724,0.0,0.0,0.0,0.0,0.0,0.0,0.0,0.0,0.0,0.0,1.0,0.0,0.05213837464107135,0.0010181993206349097,0.22160316010928158,0.0012980900831075204,0.01069031064548814,0.0002780823525952282,0.09595962666820657,0.0014986908312965925,0.078397978472838,0.0011441186093048461,0.4710372877333109,0.000596802048594267,0.6711302342052488,0.00101819932063491
identical,100,cp,1000,0.994,0.002443352199329841,0.997,0.0017303161543469432,0.0,0.0,,,0.0,0.0,0.0,0.0,0.0,0.0,0.0,0.0,0.0,0.0,1.0,0.0,0.005392974067945083,0.00013595805345623875,0.028421409823022343,0.00044473321703106,0.003908441459948846,0.00010886066121232114,0.08336369183342691,0.0012266257251838573,0.056931256792810365,0.0007150481830731863,0.22648544683874303,0.0001595699980556744,0.7178756347783751,0.00013595805345623942
identical,100,dkw,1000,0.995,0.0022315868748448895,0.999,0.0010000000000000002,0.0,0.0,0.985,0.0038457495745029724,0.0,0.0,0.0,0.0,0.0,0.0,0.0,0.0,0.0,0.0,1.0,0.0,0.009842735843483965,0.0001910102878224641,0.08139331310247513,0.0013888497984012634,0.003908441459948846,0.00010886066121232114,0.08336369183342691,0.0012266257251838573,0.056931256792810365,0.0007150481830731863,0.2791640186402188,0.0002520299946932373,0.7134258730028362,0.0001910102878224653
identical,400,cp,1000,0.992,0.0028185003005044974,1.0,0.0,0.0,0.0,,,0.0,0.0,0.0,0.0,0.0,0.0,0.0,0.0,0.0,0.0,1.0,0.0,0.001406504652285456,4.029308235877382e-05,0.012486423956636426,0.0002289338799572729,0.000962280102314939,3.114468123135897e-05,0.07806795986705066,0.001200999060886878,0.04849111750228643,7.824561472159851e-05,0.11569447609556312,4.32567965568983e-05,0.7218621041940347,4.029308235877456e-05
identical,400,dkw,1000,1.0,0.0,1.0,0.0,0.0,0.0,0.986,0.003717232548256541,0.0,0.0,0.0,0.0,0.0,0.0,0.0,0.0,0.0,0.0,1.0,0.0,0.0025327093664112596,4.776561719423161e-05,0.022528573918296095,0.0002993895649745223,0.000962280102314939,3.114468123135897e-05,0.07806795986705066,0.001200999060886878,0.04849111750228643,7.824561472159851e-05,0.1484471912549924,6.437427091471441e-05,0.7207358994799089,4.776561719423226e-05
separated,25,cp,1000,0.991,0.0029879638431426726,0.998,0.0014135055705578234,0.0,0.0,,,0.0,0.0,0.0,0.0,0.6445599999999999,0.009245316775659032,0.894,0.00973955126578524,0.0,0.0,1.0,0.0,0.007480418609376973,0.00023468381684234912,0.0431842216966541,0.0013066523604898172,0.006077629000179527,0.00019342276786620238,0.04812847175806871,0.001352154403458152,0.045081093956366954,0.0012480914321863303,0.23248174443473849,0.0007376567440353317,0.9658237101355871,0.00023468381684234936
separated,25,dkw,1000,0.996,0.0019969947390987264,0.999,0.001,0.0,0.0,0.959,0.006273624021118764,0.0,0.0,0.0,0.0,0.09276000000000001,0.005415173728192523,0.289,0.014341711358296287,0.0,0.0,1.0,0.0,0.00907635809741133,0.00028033189285731714,0.05768108025493619,0.0017268279503511925,0.006077629000179527,0.00019342276786620238,0.04812847175806871,0.001352154403458152,0.045081093956366954,0.0012480914321863303,0.30721588521740084,0.00038639023991172055,0.9642277706475528,0.00028033189285731736
separated,100,cp,1000,0.981,0.0043194510829106135,0.995,0.0022315868748448895,0.0,0.0,,,0.0,0.0,0.0,0.0,1.0,0.0,1.0,0.0,0.0,0.0,1.0,0.0,0.0019160912773589847,7.218551688348938e-05,0.013124790252706632,0.0004174429971789005,0.0015522059707147463,5.843709317370787e-05,0.024902306914844474,0.0007748546839397538,0.021834098851698392,0.0005458039677071363,0.10061143117322456,0.0003394116328634716,0.9713880374676053,7.21855168834891e-05
separated,100,dkw,1000,0.995,0.00223158687484489,0.999,0.0010000000000000002,0.0,0.0,0.963,0.005972157622389639,0.0,0.0,0.0,0.0,0.94048,0.000647602493037965,1.0,0.0,0.0,0.0,1.0,0.0,0.0028722547649324844,0.00010685623064168485,0.021745163790255546,0.0008687466871915924,0.0015522059707147463,5.843709317370787e-05,0.024902306914844474,0.0007748546839397538,0.021834098851698392,0.0005458039677071363,0.18433633410481542,0.00021715912270921117,0.9704318739800317,0.0001068562306416847
separated,400,cp,1000,0.98,0.004429403980178328,0.997,0.0017303161543469434,0.0,0.0,,,0.0,0.0,0.0,0.0,1.0,0.0,1.0,0.0,0.0,0.0,1.0,0.0,0.00039489340049650456,1.6050130193927437e-05,0.005180594737837924,0.0001825982776079139,0.0003457586229213045,1.4229791973604177e-05,0.017775632565063846,9.295928669814083e-05,0.0176826732783657,0.0,0.04748802445014869,0.00010706172747642422,0.9729092353444677,1.605013019392759e-05
separated,400,dkw,1000,0.993,0.0026377941462437807,0.999,0.0010000000000000002,0.0,0.0,0.953,0.006695956678163012,0.0,0.0,0.0,0.0,1.0,0.0,1.0,0.0,0.0,0.0,1.0,0.0,0.0005392077030348754,2.140413548982808e-05,0.0054774956529981475,0.00016543815871942477,0.0003457586229213045,1.4229791973604177e-05,0.017775632565063846,9.295928669814083e-05,0.0176826732783657,0.0,0.11396248760587471,0.00011626664162889692,0.9727649210419292,2.1404135489828396e-05
