dataset,band,n1,n0,observed_outer_prediction_unique,observed_calibration_ROC_unique,calibration_top_two_gap,evaluation_top_two_gap,selected_point_gap,selected_lower_loss,competitor_upper_inflation,strict_margin,learner_point_gap,learner_penalty,learner_margin,selected_nearest_cal_ROC,selected_metric_width,mean_TPR_width,mean_FPR_width
bank_marketing,cp,529.0,3992.0,12.0,12.0,0.0053410653565379995,0.008508260460202921,0.0053410653565379995,0.03798141440610159,0.03552342440740519,-0.06708668698416242,0.0053410653565379995,0.07341678306384902,-0.06708668698416242,0.017234757531531225,0.07351446784114546,0.10834252700319034,0.0302268632782977
bank_marketing,dkw,529.0,3992.0,12.0,12.0,0.0053410653565379995,0.008508260460202921,0.0053410653565379995,0.05885722511675118,0.06333971680206252,-0.11502362759489926,0.0053410653565379995,0.12175460570955088,-0.11502362759489926,0.017234757531531225,0.12358119597252115,0.1562977645871748,0.05643449128286631
churn,cp,70.0,429.0,12.0,12.0,0.008608826022838967,0.006077982464053888,0.008608826022838967,0.11162508570971896,0.07109942268532987,-0.17427451400937177,0.01522380346573704,0.18774081990815294,-0.1694233027018861,0.030857184370753864,0.18244449749564273,0.3082534405102689,0.0776638868499032
churn,dkw,70.0,429.0,12.0,12.0,0.008608826022838967,0.006077982464053888,0.004673804565652473,0.17911881158654097,0.11538322481973806,-0.2948739465721486,0.010877300254488298,0.30142319530524797,-0.29269097012642264,0.023310023310023312,0.28853931578709524,0.4115812865818908,0.14469501045012084
credit_g,cp,30.0,70.0,11.0,11.0,0.0063821018183608524,0.007175418643143083,0.004706870582782963,0.22922706909463175,0.17586942160998864,-0.3980381150055151,0.008979072398189958,0.40696580384400316,-0.39333179599457535,0.03626558621839956,0.4012928581629027,0.5134485935370591,0.3006144758832829
credit_g,dkw,30.0,70.0,11.0,11.0,0.0063821018183608524,0.007175418643143083,0.0,0.2634730390955723,0.2588468895162014,-0.526014773430395,0.008975744269861918,0.528212588216342,-0.5197100166383868,0.04285714285714287,0.510474875136869,0.6330499058601772,0.39848604848665264
jm1,cp,210.0,878.0,12.0,12.0,0.007831805764909272,0.007771828891333765,0.007831805764909272,0.07348632016138301,0.07253080109433907,-0.1386775708316873,0.00870467341469805,0.14630153089328812,-0.13719084933651782,0.02064885422841593,0.14611872958265393,0.19999137945317846,0.07747700960410896
jm1,dkw,210.0,878.0,12.0,12.0,0.007831805764909272,0.007771828891333765,0.007831805764909272,0.09480004267885411,0.10478722500022197,-0.19434250389201602,0.00870467341469805,0.19649965422677473,-0.19023667128999444,0.02064885422841593,0.19837580960764867,0.2464621070546363,0.11583463064192429
kc1,cp,32.0,178.0,12.0,12.0,0.012943232851824749,0.01812179623802923,0.012943232851824749,0.16957087024633521,0.16384960002618576,-0.32248607901659454,0.012943232851824749,0.3296056987410074,-0.31957830142281995,0.05943953139112018,0.31802490367572644,0.4782572873298718,0.16545690931812
kc1,dkw,32.0,178.0,12.0,12.0,0.012943232851824749,0.01812179623802923,0.004374366897997084,0.19095052285691533,0.24152192822490548,-0.4428077756974812,0.004374366897997084,0.4438298561309326,-0.4428077756974812,0.05943953139112018,0.43039616056817037,0.5833849231113585,0.24234614218299122
ozone,cp,16.0,237.0,12.0,12.0,0.018381892328560245,0.01567676579678723,0.008249528783106141,0.1936811745750271,0.19291123789660547,-0.3803061000601343,0.008249528783106141,0.388584814111645,-0.38030610006013443,0.06376896370691973,0.3781011316605952,0.6112082603510135,0.11629986292960755
ozone,dkw,16.0,237.0,12.0,12.0,0.018381892328560245,0.01567676579678723,-0.02218490832719766,0.216928290909015,0.261015722161252,-0.4926446388472147,-0.02218490832719766,0.4778940124214369,-0.49264463884721466,0.06596465240849422,0.482009144941564,0.7107607459538047,0.19271375342869934
pc4,cp,18.0,128.0,12.0,11.0,0.016680597353962434,0.020710459146140003,0.00879241874766068,0.22793555541509214,0.15826557022073506,-0.36621989043274483,0.012127720029253553,0.3779647122676322,-0.3662198904327447,0.06660908430879942,0.3601951726847553,0.5580013008216337,0.16716713248769208
pc4,dkw,18.0,128.0,12.0,11.0,0.016680597353962434,0.020710459146140003,-0.01206809356488936,0.2523673025150308,0.19784661859653851,-0.46307104570505486,-0.006119822900254257,0.45052861757778717,-0.46307104570505475,0.06374152691210357,0.45700572382550286,0.6487382978916977,0.25675035934578894
sick,cp,23.0,354.0,12.0,12.0,0.01625042696062695,0.014056682846582902,0.01625042696062695,0.17903327809807834,0.08212919581170341,-0.23873015272034193,0.01625042696062695,0.25704669372694455,-0.23873015272034193,0.03389830508474576,0.24189101363762733,0.44603276206004366,0.05884637460741157
sick,dkw,23.0,354.0,12.0,12.0,0.01625042696062695,0.014056682846582902,0.01195626305595654,0.2807390434072574,0.09247215683199372,-0.36661106275745414,0.01625042696062695,0.3785673258134107,-0.36661106275745414,0.014124293785310736,0.36661106275745414,0.5278333955627093,0.13028641892720783
wilt,cp,26.0,458.0,12.0,12.0,0.011454312915310183,0.02146658568764015,0.011454312915310183,0.16366243726213658,0.0687267397627257,-0.22226426357156437,0.023240573926000874,0.2370386618678908,-0.21712248457983696,0.02183406113537118,0.21752024812306603,0.3930436598690416,0.04991661994181134
wilt,dkw,26.0,458.0,12.0,12.0,0.011454312915310183,0.02146658568764015,0.002862550370578698,0.2872686082920962,0.0811602687668962,-0.3545738324721125,0.013855044586879917,0.3684288770589925,-0.3545738324721126,0.01312910284463895,0.3545738324721125,0.47429877729297787,0.11718800502768506
