dataset,band,records,n1_min,n1_max,n1_mean,n1_median,n0_min,n0_max,n0_mean,n0_median,calibration_top_two_gap_mean,calibration_top_two_gap_median,evaluation_top_two_gap_mean,evaluation_top_two_gap_median,selected_point_gap_mean,selected_point_gap_median,selected_lower_loss_mean,selected_lower_loss_median,competitor_upper_inflation_mean,competitor_upper_inflation_median,strict_margin_mean,strict_margin_median,learner_margin_mean,learner_margin_median,observed_outer_prediction_unique_mean,observed_outer_prediction_unique_median,selected_nearest_cal_ROC_mean,selected_nearest_cal_ROC_median
bank_marketing,cp,15,528,529,528.8,529.0,3992,3992,3992.0,3992.0,0.007424572286621493,0.0053410653565379995,0.007060710056059253,0.008508260460202921,0.007424572286621493,0.0053410653565379995,0.038013068439927224,0.03798141440610159,0.035469281018892004,0.03552342440740519,-0.06605777717219773,-0.06708668698416242,-0.06605777717219773,-0.06708668698416242,12.0,12.0,0.02336339269555143,0.017234757531531225
bank_marketing,dkw,15,528,529,528.8,529.0,3992,3992,3992.0,3992.0,0.007424572286621493,0.0053410653565379995,0.007060710056059253,0.008508260460202921,0.007424572286621493,0.0053410653565379995,0.05872552982816674,0.05885722511675118,0.06328647913535553,0.06333971680206252,-0.11458743667690079,-0.11502362759489926,-0.11458743667690079,-0.11502362759489926,12.0,12.0,0.02336339269555143,0.017234757531531225
churn,cp,15,70,71,70.4,70.0,429,429,429.0,429.0,0.00891654994507248,0.008608826022838967,0.006681902515156443,0.006077982464053888,0.00891654994507248,0.008608826022838967,0.11072413786545236,0.11162508570971896,0.07089833388878729,0.07109942268532987,-0.1727059218091672,-0.17427451400937177,-0.16897373383744305,-0.1694233027018861,11.866666666666667,12.0,0.029589333565846372,0.030857184370753864
churn,dkw,15,70,71,70.4,70.0,429,429,429.0,429.0,0.00891654994507248,0.008608826022838967,0.006681902515156443,0.006077982464053888,0.004974926557718088,0.004673804565652473,0.1801619645016208,0.17911881158654097,0.11560239946693143,0.11538322481973806,-0.29078943741083413,-0.2948739465721486,-0.2896600401656206,-0.29269097012642264,11.866666666666667,12.0,0.024843399398968753,0.023310023310023312
credit_g,cp,15,30,30,30.0,30.0,70,70,70.0,70.0,0.00881251712246555,0.0063821018183608524,0.011581215342676584,0.007175418643143083,0.006699150583016859,0.004706870582782963,0.22775635080799048,0.22922706909463175,0.1727050834664023,0.17586942160998864,-0.3937622836913759,-0.3980381150055151,-0.3914540610733759,-0.39333179599457535,11.133333333333333,11.0,0.05454108056447845,0.03626558621839956
credit_g,dkw,15,30,30,30.0,30.0,70,70,70.0,70.0,0.00881251712246555,0.0063821018183608524,0.011581215342676584,0.007175418643143083,0.0008337747745829737,0.0,0.26328292553305094,0.2634730390955723,0.25516938729630173,0.2588468895162014,-0.5176185380547697,-0.526014773430395,-0.5151764351737198,-0.5197100166383868,11.133333333333333,11.0,0.04906692037012051,0.04285714285714287
jm1,cp,15,210,211,210.2,210.0,877,878,877.8,878.0,0.008700976928362018,0.007831805764909272,0.008369337609627407,0.007771828891333765,0.008700976928362018,0.007831805764909272,0.07325509275404347,0.07348632016138301,0.07278468927989244,0.07253080109433907,-0.1373388051055739,-0.1386775708316873,-0.1366418397578457,-0.13719084933651782,12.0,12.0,0.03102487129980641,0.02064885422841593
jm1,dkw,15,210,211,210.2,210.0,877,878,877.8,878.0,0.008700976928362018,0.007831805764909272,0.008369337609627407,0.007771828891333765,0.007456014961657531,0.007831805764909272,0.09403169585688413,0.09480004267885411,0.10515439510649124,0.10478722500022197,-0.19173007600171785,-0.19434250389201602,-0.1904467108857408,-0.19023667128999444,12.0,12.0,0.02895501833659351,0.02064885422841593
kc1,cp,15,32,33,32.2,32.0,178,178,178.0,178.0,0.01739683389976115,0.012943232851824749,0.020492598014886832,0.01812179623802923,0.014434751787195658,0.012943232851824749,0.1710847096513232,0.16957087024633521,0.16241222280169668,0.16384960002618576,-0.3190621806658242,-0.32248607901659454,-0.3179107233138437,-0.31957830142281995,12.0,12.0,0.05988861068666785,0.05943953139112018
kc1,dkw,15,32,33,32.2,32.0,178,178,178.0,178.0,0.01739683389976115,0.012943232851824749,0.020492598014886832,0.01812179623802923,0.004992273864058612,0.004374366897997084,0.20345727717830725,0.19095052285691533,0.2428548250673036,0.24152192822490548,-0.4413198283815522,-0.4428077756974812,-0.4399428998138962,-0.4428077756974812,12.0,12.0,0.05757461663377159,0.05943953139112018
ozone,cp,15,16,16,16.0,16.0,237,237,237.0,237.0,0.023118344745009328,0.018381892328560245,0.01617504596407158,0.01567676579678723,0.006519552383823979,0.008249528783106141,0.19215105501476573,0.1936811745750271,0.19235568812583714,0.19291123789660547,-0.37798719075677895,-0.3803061000601343,-0.3773101782471334,-0.38030610006013443,11.866666666666667,12.0,0.05788663288398914,0.06376896370691973
ozone,dkw,15,16,16,16.0,16.0,237,237,237.0,237.0,0.023118344745009328,0.018381892328560245,0.01617504596407158,0.01567676579678723,-0.015444638262319196,-0.02218490832719766,0.2215581671822478,0.216928290909015,0.26231931571739814,0.261015722161252,-0.49932212116196517,-0.4926446388472147,-0.4993221211619651,-0.49264463884721466,11.866666666666667,12.0,0.07368464841332266,0.06596465240849422
pc4,cp,15,17,18,17.6,18.0,128,128,128.0,128.0,0.022252284857791724,0.016680597353962434,0.024359730842302207,0.020710459146140003,0.009843740300398784,0.00879241874766068,0.21716727697595195,0.22793555541509214,0.1574733823683592,0.15826557022073506,-0.36479691904391237,-0.36621989043274483,-0.36432207357906704,-0.3662198904327447,11.8,12.0,0.07280782693959664,0.06660908430879942
pc4,dkw,15,17,18,17.6,18.0,128,128,128.0,128.0,0.022252284857791724,0.016680597353962434,0.024359730842302207,0.020710459146140003,-0.011187917302517003,-0.01206809356488936,0.25554019508991144,0.2523673025150308,0.20472582741472803,0.19784661859653851,-0.4714539398071565,-0.46307104570505486,-0.4714539398071565,-0.46307104570505475,11.8,12.0,0.06830251209392454,0.06374152691210357
sick,cp,15,23,23,23.0,23.0,354,354,354.0,354.0,0.01725657805806456,0.01625042696062695,0.011372074447444435,0.014056682846582902,0.010077386886098775,0.01625042696062695,0.17541215933736296,0.17903327809807834,0.07718943502376246,0.08212919581170341,-0.24252420747502665,-0.23873015272034193,-0.23965137263456668,-0.23873015272034193,11.933333333333334,12.0,0.030065492494133077,0.03389830508474576
sick,dkw,15,23,23,23.0,23.0,354,354,354.0,354.0,0.01725657805806456,0.01625042696062695,0.011372074447444435,0.014056682846582902,0.0007000439487565272,0.01195626305595654,0.28341209068565265,0.2807390434072574,0.08536287324925726,0.09247215683199372,-0.3680749199861534,-0.36661106275745414,-0.3680749199861533,-0.36661106275745414,11.933333333333334,12.0,0.028405056579018474,0.014124293785310736
wilt,cp,15,26,26,26.0,26.0,457,458,457.6,458.0,0.01279538374740951,0.011454312915310183,0.022308061826962787,0.02146658568764015,0.012218951202615054,0.011454312915310183,0.1657179288997188,0.16366243726213658,0.06983360357475034,0.0687267397627257,-0.2233325812718541,-0.22226426357156437,-0.22040619713086781,-0.21712248457983696,11.933333333333334,12.0,0.022957800040617433,0.02183406113537118
wilt,dkw,15,26,26,26.0,26.0,457,458,457.6,458.0,0.01279538374740951,0.011454312915310183,0.022308061826962787,0.02146658568764015,-0.001987438043335284,0.002862550370578698,0.27837092919741935,0.2872686082920962,0.07923782305191975,0.0811602687668962,-0.35959619029267437,-0.3545738324721125,-0.35959619029267437,-0.3545738324721126,11.933333333333334,12.0,0.018180677257058315,0.01312910284463895
