scenario,alpha,band,repetitions,rate_coverage,metric_coverage,regret_coverage,strict_cert_fraction,learner_cert_fraction,strict_cert_any,learner_cert_any,mean_actual_regret,max_actual_regret,mean_regret_bound,max_regret_bound,rate_coverage_mcse,metric_coverage_mcse,regret_coverage_mcse,strict_cert_fraction_mcse,learner_cert_fraction_mcse,strict_cert_any_mcse,learner_cert_any_mcse,mean_actual_regret_mcse,max_actual_regret_mcse,mean_regret_bound_mcse,max_regret_bound_mcse
atoms,0.01,cp,250,0.992,1.0,1.0,0.0,0.0,0.0,0.0,0.024723796931261945,0.0962989748572244,0.21917866387865956,0.25721820807624096,0.0056454836766901655,0.0,0.0,0.0,0.0,0.0,0.0,0.000692397469598683,0.001571530322125999,0.0007083329339191628,0.00043359844123717163
atoms,0.01,dkw,250,0.996,1.0,1.0,0.0,0.0,0.0,0.0,0.026328327752410067,0.10838525313719401,0.2575034550843267,0.29047279308005974,0.004,0.0,0.0,0.0,0.0,0.0,0.0,0.0005392160115469959,0.0011390579559452882,0.0010789320217846256,0.00110729382621086
atoms,0.05,cp,250,0.988,1.0,1.0,0.0,0.0,0.0,0.0,0.01878033501713098,0.08312712733424599,0.19714221517238076,0.23157260966911827,0.006900323023694275,0.0,0.0,0.0,0.0,0.0,0.0,0.0005281404643583789,0.0012665322610802467,0.0005859671012252117,0.0003796855299536983
atoms,0.05,dkw,250,0.992,1.0,1.0,0.0,0.0,0.0,0.0,0.02068084521874043,0.09540684184586114,0.22403861266148856,0.25638413626796974,0.005645483676690163,0.0,0.0,0.0,0.0,0.0,0.0,0.0004164695111737804,0.0008694112240104006,0.0008404554192250586,0.0009867838423982095
atoms,0.1,cp,250,0.992,1.0,1.0,0.0,0.0,0.0,0.0,0.01597277448614109,0.07399368232540061,0.1878676343769292,0.21939434531271457,0.005645483676690164,0.0,0.0,0.0,0.0,0.0,0.0,0.0005327099301998674,0.0013674825982051702,0.0005458018107869743,0.0003344490146330094
atoms,0.1,dkw,250,0.988,1.0,1.0,0.0,0.0,0.0,0.0,0.018654455559299465,0.08948473752477891,0.21097597295065962,0.24292872094495202,0.006900323023694274,0.0,0.0,0.0,0.0,0.0,0.0,0.0004240860078619184,0.0009567293410351406,0.0007692421077286488,0.0009655629909161036
crossing,0.01,cp,250,0.996,1.0,1.0,0.0,0.0,0.0,0.0,0.019499649701238353,0.09166073692598936,0.21503249389200293,0.24690315491539594,0.004,0.0,0.0,0.0,0.0,0.0,0.0,0.000517241956834303,0.001458241927382994,0.000682565533452888,0.0007993465682181409
crossing,0.01,dkw,250,1.0,1.0,1.0,0.0,0.0,0.0,0.0,0.02169337413603479,0.10275158609253394,0.25908633028769024,0.28460508402509666,0.0,0.0,0.0,0.0,0.0,0.0,0.0,0.0004174194783724214,0.0011407892717065012,0.0008276214782911353,0.0010881769633445289
crossing,0.05,cp,250,0.972,0.992,1.0,0.0,0.0,0.0,0.0,0.016127305353957195,0.07962394833926881,0.1927779564794417,0.22209471661376914,0.01045472165192728,0.0056454836766901655,0.0,0.0,0.0,0.0,0.0,0.00045204844618088524,0.0013933818741035866,0.0006329231998491079,0.0007302756611215988
crossing,0.05,dkw,250,0.992,0.996,1.0,0.0,0.0,0.0,0.0,0.017896317332963017,0.09119664417202315,0.2270122134689668,0.2550382171083175,0.005645483676690163,0.004,0.0,0.0,0.0,0.0,0.0,0.00033480397452360146,0.0011163548639115594,0.0008360563430882459,0.001232858720464055
crossing,0.1,cp,250,0.944,0.992,1.0,0.0,0.0,0.0,0.0,0.01384775286490548,0.06997521249764595,0.1834702690010603,0.21097528995391615,0.014570697336899639,0.005645483676690164,0.0,0.0,0.0,0.0,0.0,0.0004340424873225668,0.001430171168840037,0.0006312046949359157,0.0006959072980425756
crossing,0.1,dkw,250,0.96,0.996,1.0,0.0,0.0,0.0,0.0,0.015832519951707702,0.0820560255914749,0.21317965366727915,0.24082175990916352,0.012418408411301329,0.004,0.0,0.0,0.0,0.0,0.0,0.0003691698838529334,0.0011354379716240312,0.00081828081429388,0.0012294443197895352
identical,0.01,cp,250,0.996,1.0,1.0,0.0,0.0,0.0,0.0,0.005326438603810715,0.02815403625202322,0.25158977593637116,0.27607664428283396,0.004,0.0,0.0,0.0,0.0,0.0,0.0,0.00028500186008755706,0.0010510636691460813,0.0003342844562765438,0.0007655788255051199
identical,0.01,dkw,250,1.0,1.0,1.0,0.0,0.0,0.0,0.0,0.012050409064992487,0.11418348831622079,0.3123784247224823,0.4050812842403468,0.0,0.0,0.0,0.0,0.0,0.0,0.0,0.000384897628196609,0.0018956309360061466,0.00039806648963222727,0.001594707743212819
identical,0.05,cp,250,0.992,0.996,1.0,0.0,0.0,0.0,0.0,0.00494652752272541,0.02682323255614458,0.22662071033803732,0.25176509607427827,0.0056454836766901655,0.004,0.0,0.0,0.0,0.0,0.0,0.0002773847478400854,0.0008747617867177076,0.00033628839657485213,0.0007505700506508611
identical,0.05,dkw,250,0.996,0.996,1.0,0.0,0.0,0.0,0.0,0.009674510456814386,0.08188743692353204,0.27930194449609924,0.37410401089689077,0.004,0.004,0.0,0.0,0.0,0.0,0.0,0.00040099798195987403,0.002845162222549833,0.0004965840769475229,0.002090969593199081
identical,0.1,cp,250,0.984,0.996,1.0,0.0,0.0,0.0,0.0,0.005081578989469327,0.027606368072315375,0.2147344214374459,0.23934252905377423,0.007951661188874349,0.004,0.0,0.0,0.0,0.0,0.0,0.00024608254597984565,0.0007602129316890202,0.0003024069744108925,0.0007335264855215513
identical,0.1,dkw,250,0.996,0.996,1.0,0.0,0.0,0.0,0.0,0.008682348712983113,0.06544211521806273,0.2627069820212082,0.3568287256259127,0.004,0.004,0.0,0.0,0.0,0.0,0.0,0.000334445224421447,0.002654042212882757,0.0005200171412658662,0.002014073946757975
separated,0.01,cp,250,0.984,0.996,1.0,0.0,1.0,0.0,1.0,0.0020135602261993875,0.013280886330020945,0.11568632923867302,0.26706544595847975,0.007951661188874349,0.004,0.0,0.0,0.0,0.0,0.0,0.00015004110161946207,0.0008365391872509286,0.0007458823775991575,0.0012296291027634597
separated,0.01,dkw,250,0.988,0.996,1.0,0.0,0.91024,0.0,1.0,0.0029123791097223385,0.022937507914008358,0.20374503766850935,0.41391496406302525,0.006900323023694275,0.004,0.0,0.0,0.0011793783673331205,0.0,0.0,0.0002236077707789814,0.001861395912795727,0.00043318247832823683,0.0003306717373779021
separated,0.05,cp,250,0.976,0.988,1.0,0.0,1.0,0.0,1.0,0.0017588315818289576,0.011619160602810435,0.10238873046564952,0.24219244158318579,0.009699087026964268,0.006900323023694274,0.0,0.0,0.0,0.0,0.0,0.00013970022428435425,0.0006657886923743384,0.0007155171773361048,0.0012829424028442437
separated,0.05,dkw,250,0.996,0.996,1.0,0.0,0.94048,0.0,1.0,0.0025335255968953847,0.019188793096380236,0.1856248758274241,0.3968175708565766,0.004000000000000001,0.004000000000000001,0.0,0.0,0.0013265433536361706,0.0,0.0,0.0002047588178308503,0.0016652662240171524,0.00046233271889138016,0.0003619577100588042
separated,0.1,cp,250,0.984,0.992,1.0,0.0,1.0,0.0,1.0,0.0017726467934617988,0.01220670522785442,0.09587273915822216,0.23126542941537884,0.007951661188874347,0.005645483676690164,0.0,0.0,0.0,0.0,0.0,0.00013760493938418778,0.0007664500835137065,0.000703360035788684,0.0013041308124439933
separated,0.1,dkw,250,0.984,0.996,1.0,0.0,0.9526399999999999,0.0,1.0,0.002579934890054477,0.019954204647373776,0.17633160604646203,0.388095380742876,0.007951661188874349,0.004000000000000001,0.0,0.0,0.0009822325197688996,0.0,0.0,0.00020244360247803598,0.0016747292539377883,0.00046744827944578674,0.0003813436436488451
