dataset,calibration_fraction,band,evaluations,min_n1,median_n1,source_strict_fraction,source_learner_fraction,any_three_learner_fraction,mean_bound,mean_lcb_regret,mean_empirical_regret
bank_marketing,0.25,cp,750,264,264.0,0.0,0.0,0.0,0.10406955349310855,0.0023134106919087028,0.0018106714409813925
bank_marketing,0.25,dkw,750,264,264.0,0.0,0.0,0.0,0.1751962554321234,0.0025649974499377154,0.0018106714409813925
bank_marketing,0.5,cp,750,528,529.0,0.0,0.0,0.0,0.0736528430949772,0.0014645481402048807,0.0014000560358502121
bank_marketing,0.5,dkw,750,528,529.0,0.0,0.0,0.0,0.12353366287980778,0.0016013355324745989,0.0014000560358502121
bank_marketing,0.75,cp,750,792,793.0,0.0,0.0,0.0,0.06025583986433766,0.0016349059338872385,0.0015586307580555772
bank_marketing,0.75,dkw,750,792,793.0,0.0,0.0,0.0,0.10092634457070468,0.0018277235850393948,0.0015586307580555772
churn,0.25,cp,750,35,35.0,0.0,0.0,0.0,0.24327984764383123,0.009959207568971092,0.009359309913044046
churn,0.25,dkw,750,35,35.0,0.0,0.0,0.0,0.3499776439974041,0.012445615148626995,0.009359309913044046
churn,0.5,cp,750,70,70.0,0.0,0.0,0.0,0.174978334388114,0.008247433205336092,0.007875377898685169
churn,0.5,dkw,750,70,70.0,0.0,0.0,0.0,0.28751702390474465,0.009427370249624653,0.007875377898685169
churn,0.75,cp,750,105,105.0,0.0,0.0,0.0,0.1438030906031194,0.010046784242943654,0.010008124580842347
churn,0.75,dkw,750,105,105.0,0.0,0.0,0.0,0.25623709888214646,0.010833854811960983,0.010008124580842347
credit_g,0.25,cp,750,15,15.0,0.0,0.0,0.0,0.5215579832560233,0.03975597466465563,0.03613965915880952
credit_g,0.25,dkw,750,15,15.0,0.0,0.0,0.0,0.621657146337461,0.03779499625527017,0.03613965915880952
credit_g,0.5,cp,750,30,30.0,0.0,0.0,0.0,0.39382910391997067,0.04486326356404395,0.043599987543910555
credit_g,0.5,dkw,750,30,30.0,0.0,0.0,0.0,0.5143980507183238,0.04130858997606344,0.043599987543910555
credit_g,0.75,cp,750,45,45.0,0.0,0.0,0.0,0.33031244929706893,0.06019309692043888,0.0587315258810274
credit_g,0.75,dkw,750,45,45.0,0.0,0.0,0.0,0.4420251594781721,0.06011101154161735,0.0587315258810274
jm1,0.25,cp,750,105,105.0,0.0,0.0,0.0,0.20381669512339892,0.009398176688318199,0.008156466791994976
jm1,0.25,dkw,750,105,105.0,0.0,0.0,0.0,0.28091707029345026,0.014176367936910088,0.008156466791994976
jm1,0.5,cp,750,210,210.0,0.0,0.0,0.0,0.14542665584087952,0.008544992615319108,0.008273938471636261
jm1,0.5,dkw,750,210,210.0,0.0,0.0,0.0,0.19857778428114137,0.010570012853211125,0.008273938471636261
jm1,0.75,cp,750,315,315.0,0.0,0.0,0.0,0.11896035381807328,0.012523645099166082,0.012029786437737262
jm1,0.75,dkw,750,315,315.0,0.0,0.0,0.0,0.1618365785702506,0.013687813148854614,0.012029786437737262
kc1,0.25,cp,750,16,16.0,0.0,0.0,0.0,0.4356775464279755,0.040408699375199884,0.03422337430768536
kc1,0.25,dkw,750,16,16.0,0.0,0.0,0.0,0.5542416721599315,0.050362658561051016,0.03422337430768536
kc1,0.5,cp,750,32,32.0,0.0,0.0,0.0,0.33144090037684953,0.038597144854649205,0.036678695722205445
kc1,0.5,dkw,750,32,32.0,0.0,0.0,0.0,0.45783067321752674,0.04021030605620436,0.036678695722205445
kc1,0.75,cp,750,48,48.0,0.0,0.0,0.0,0.2765608815548412,0.04694739750926208,0.04757292967665225
kc1,0.75,dkw,750,48,48.0,0.0,0.0,0.0,0.39240081588844083,0.04617901807551342,0.04757292967665225
ozone,0.25,cp,750,8,8.0,0.0,0.0,0.0,0.4701328360427313,0.05172964188731532,0.04158076903339767
ozone,0.25,dkw,750,8,8.0,0.0,0.0,0.0,0.5462347084053584,0.07700665832353135,0.04158076903339767
ozone,0.5,cp,750,16,16.0,0.0,0.0,0.0,0.3808244473810145,0.05566087886076082,0.041850590299628045
ozone,0.5,dkw,750,16,16.0,0.0,0.0,0.0,0.49525835660923295,0.07507456885408326,0.041850590299628045
ozone,0.75,cp,750,24,24.0,0.0,0.0,0.0,0.3280706847536544,0.07454466198424711,0.06852303850479823
ozone,0.75,dkw,750,24,24.0,0.0,0.0,0.0,0.4612348474132808,0.08654862827209155,0.06852303850479823
pc4,0.25,cp,750,8,9.0,0.0,0.0,0.0,0.47410018784881747,0.04579921674327795,0.042466143782650845
pc4,0.25,dkw,750,8,9.0,0.0,0.0,0.0,0.5453088568052976,0.04977701668420163,0.042466143782650845
pc4,0.5,cp,750,17,18.0,0.0,0.0,0.0,0.36785403472155825,0.047861465721232566,0.04363610749323013
pc4,0.5,dkw,750,17,18.0,0.0,0.0,0.0,0.4658947600379037,0.05177714147086769,0.04363610749323013
pc4,0.75,cp,750,26,27.0,0.0,0.0,0.0,0.31346324851653334,0.0604776913480231,0.05921223564858701
pc4,0.75,dkw,750,26,27.0,0.0,0.0,0.0,0.42967733484431975,0.05928727334769513,0.05921223564858701
sick,0.25,cp,750,11,11.0,0.0,0.0,0.0,0.33718180920804125,0.026572708731662332,0.02042046838390459
sick,0.25,dkw,750,11,11.0,0.0,0.0,0.0,0.44174784469773415,0.033683806181711386,0.02042046838390459
sick,0.5,cp,750,23,23.0,0.0,0.0,0.0,0.24405337162250199,0.025848947401997203,0.017361537238291237
sick,0.5,dkw,750,23,23.0,0.0,0.0,0.0,0.36801550196253957,0.031978344476406934,0.017361537238291237
sick,0.75,cp,750,34,34.0,0.0,0.0,0.0,0.20255758698463514,0.030496166637966185,0.02208128473281403
sick,0.75,dkw,750,34,34.0,0.0,0.0,0.0,0.33116544097222156,0.03628360267289448,0.02208128473281403
wilt,0.25,cp,750,13,13.0,0.0,0.0,0.0,0.31600291059844776,0.034301267084517216,0.021524582626262372
wilt,0.25,dkw,750,13,13.0,0.0,0.0,0.0,0.42801551393178466,0.048332539893208834,0.021524582626262372
wilt,0.5,cp,750,26,26.0,0.0,0.0,0.0,0.23286337516618796,0.020196213907678014,0.013659675096250604
wilt,0.5,dkw,750,26,26.0,0.0,0.0,0.0,0.36278049029476356,0.035134628837817414,0.013659675096250604
wilt,0.75,cp,750,39,39.0,0.0,0.0,0.0,0.19210490364382388,0.019305153056311065,0.01740075673894547
wilt,0.75,dkw,750,39,39.0,0.0,0.0,0.0,0.3275203264017686,0.03413375938489379,0.01740075673894547
