scenario,n1,ratio,band,repetitions,rate_coverage,metric_coverage,regret_coverage,strict_cert_fraction,learner_cert_fraction,strict_cert_any,learner_cert_any,mean_actual_regret,max_actual_regret,mean_regret_bound,max_regret_bound,rate_coverage_mcse,metric_coverage_mcse,regret_coverage_mcse,strict_cert_fraction_mcse,learner_cert_fraction_mcse,strict_cert_any_mcse,learner_cert_any_mcse,mean_actual_regret_mcse,max_actual_regret_mcse,mean_regret_bound_mcse,max_regret_bound_mcse
atoms,10,1.0,cp,300,1.0,1.0,1.0,0.0,0.0,0.0,0.0,0.16429727496728833,0.3115398488203837,0.5452971918464052,0.6415614033504357,0.0,0.0,0.0,0.0,0.0,0.0,0.0,0.0002411974796428339,0.0002680064877283021,0.0014076117573577508,0.0011375349164016316
atoms,10,1.0,dkw,300,1.0,1.0,1.0,0.0,0.0,0.0,0.0,0.16365173292594015,0.3108600694201576,0.5755358322610922,0.663420077342997,0.0,0.0,0.0,0.0,0.0,0.0,0.0,0.00047563100404559905,0.0005222368534521716,0.000756072962553299,0.0006591207004181091
atoms,10,2.0,cp,300,0.9966666666666667,1.0,1.0,0.0,0.0,0.0,0.0,0.16279976216531036,0.309742979230036,0.5140342948713091,0.6160280605609076,0.003333333333333333,0.0,0.0,0.0,0.0,0.0,0.0,0.0005244146352979383,0.0005991826206125922,0.001384195063403392,0.0013031706707985543
atoms,10,2.0,dkw,300,0.9933333333333333,1.0,1.0,0.0,0.0,0.0,0.0,0.16039075928129543,0.30705221558612195,0.5643958736651816,0.6533631635566214,0.004706155586970108,0.0,0.0,0.0,0.0,0.0,0.0,0.000866755317284789,0.0009827168070024985,0.0014654215713926447,0.0012771425370700995
atoms,10,4.0,cp,300,1.0,1.0,1.0,0.0,0.0,0.0,0.0,0.15794448462297622,0.3038170095129003,0.48546523923716667,0.5867000973636116,0.0,0.0,0.0,0.0,0.0,0.0,0.0,0.0010273277064887132,0.0012559197259459952,0.001821975386699555,0.0014497162969316988
atoms,10,4.0,dkw,300,0.9933333333333333,1.0,1.0,0.0,0.0,0.0,0.0,0.15119822920096282,0.29601659717492934,0.5273461608206806,0.6183388265095653,0.004706155586970108,0.0,0.0,0.0,0.0,0.0,0.0,0.001477186019006517,0.0017693255761123282,0.0020205265413555155,0.0018552214242704842
atoms,10,8.0,cp,300,0.9966666666666667,0.9966666666666667,1.0,0.0,0.0,0.0,0.0,0.14772786236371535,0.2911049805232404,0.4556102173862634,0.5567895842187357,0.003333333333333333,0.003333333333333333,0.0,0.0,0.0,0.0,0.0,0.0017499518778380364,0.0022125013178353106,0.0018614457031469417,0.0016336497051752158
atoms,10,8.0,dkw,300,0.9933333333333333,0.9966666666666667,1.0,0.0,0.0,0.0,0.0,0.13947587350810967,0.28133226958181384,0.5029201361520766,0.5803987122726266,0.004706155586970108,0.003333333333333333,0.0,0.0,0.0,0.0,0.0,0.002113057054341848,0.002638134785323198,0.0021830866159616843,0.002102909297630352
atoms,25,1.0,cp,300,1.0,1.0,1.0,0.0,0.0,0.0,0.0,0.1343344247399802,0.275889663662197,0.4588503865139114,0.5555307558618953,0.0,0.0,0.0,0.0,0.0,0.0,0.0,0.0017890317434844673,0.0021728569549006728,0.0016677322610768788,0.0012851567352585504
atoms,25,1.0,dkw,300,1.0,1.0,1.0,0.0,0.0,0.0,0.0,0.13558242442952026,0.2768032664338031,0.5294265793922922,0.6082957538831657,0.0,0.0,0.0,0.0,0.0,0.0,0.0,0.001997231696369727,0.0024486223467854863,0.0022469872086219047,0.0016532525111374943
atoms,25,2.0,cp,300,1.0,1.0,1.0,0.0,0.0,0.0,0.0,0.10216554047261905,0.23763761480144127,0.40961414352093445,0.4914940439247277,0.0,0.0,0.0,0.0,0.0,0.0,0.0,0.00179824963590465,0.002411627901366342,0.0015850499370811102,0.0013362760204175175
atoms,25,2.0,dkw,300,0.9966666666666667,1.0,1.0,0.0,0.0,0.0,0.0,0.10356393968651863,0.238596027544218,0.45965445418060386,0.5380945043261237,0.003333333333333333,0.0,0.0,0.0,0.0,0.0,0.0,0.0022325640608107104,0.002907092031841682,0.0019191926098372487,0.0015354221196353167
atoms,25,4.0,cp,300,0.9933333333333333,0.9966666666666667,1.0,0.0,0.0,0.0,0.0,0.07828667008798124,0.20664349493551612,0.3624271679367693,0.43295205164804734,0.004706155586970108,0.003333333333333333,0.0,0.0,0.0,0.0,0.0,0.0014925341969046226,0.002241071666755233,0.0015058750541344999,0.0011985524553255707
atoms,25,4.0,dkw,300,0.9966666666666667,1.0,1.0,0.0,0.0,0.0,0.0,0.07827487603854286,0.2062092042218088,0.41194573350294017,0.46785437490964665,0.0033333333333333335,0.0,0.0,0.0,0.0,0.0,0.0,0.0018539005577505351,0.0026389864947152157,0.0013907352632315715,0.0013313005551969278
atoms,25,8.0,cp,300,0.9933333333333333,1.0,1.0,0.0,0.0,0.0,0.0,0.058336727525138105,0.1716366741509565,0.3296314421576001,0.39020982879771,0.004706155586970108,0.0,0.0,0.0,0.0,0.0,0.0,0.0013072622864971118,0.0024973311213739415,0.0013812900730437118,0.0013429952524206005
atoms,25,8.0,dkw,300,0.9933333333333333,1.0,1.0,0.0,0.0,0.0,0.0,0.05769077019392648,0.1727693668467048,0.3803645235716419,0.4243770938067378,0.004706155586970108,0.0,0.0,0.0,0.0,0.0,0.0,0.0015078904242473768,0.002645086372857884,0.0016683601575857405,0.0015011256946765772
atoms,50,1.0,cp,300,0.9933333333333333,1.0,1.0,0.0,0.0,0.0,0.0,0.07762942243100658,0.2034266429090671,0.36523457290774775,0.4338643453491169,0.004706155586970108,0.0,0.0,0.0,0.0,0.0,0.0,0.001578922255130044,0.0025141651823807534,0.0013135268594036123,0.0008867835894697831
atoms,50,1.0,dkw,300,0.9966666666666667,1.0,1.0,0.0,0.0,0.0,0.0,0.07724463026270921,0.20318295451229196,0.4145169205514154,0.47261087603336666,0.003333333333333333,0.0,0.0,0.0,0.0,0.0,0.0,0.0019866649852221265,0.0028820457806230243,0.0017898388518250918,0.0009737403287539538
atoms,50,2.0,cp,300,0.9966666666666667,1.0,1.0,0.0,0.0,0.0,0.0,0.054024828569045814,0.16558307055380236,0.31295369280250424,0.36896293195861707,0.003333333333333333,0.0,0.0,0.0,0.0,0.0,0.0,0.001137101449484401,0.00224013085019456,0.0011501508948350261,0.0008525126523678153
atoms,50,2.0,dkw,300,1.0,1.0,1.0,0.0,0.0,0.0,0.0,0.05210540774850727,0.16506185011106841,0.35959913352184136,0.39467140194442774,0.0,0.0,0.0,0.0,0.0,0.0,0.0,0.0012457890939442688,0.00227941470018422,0.0009989347320684017,0.0006044898257281053
atoms,50,4.0,cp,300,0.99,0.9966666666666667,1.0,0.0,0.0,0.0,0.0,0.03922762288067983,0.1327839263216834,0.2713977101359969,0.3202295083108025,0.005754160919975786,0.003333333333333333,0.0,0.0,0.0,0.0,0.0,0.0009315757893271323,0.002039438379721117,0.0010402422560069006,0.0007375851149329988
atoms,50,4.0,dkw,300,0.9933333333333333,1.0,1.0,0.0,0.0,0.0,0.0,0.038201503631356486,0.1364256181996246,0.31799590391783966,0.3496825538284606,0.004706155586970108,0.0,0.0,0.0,0.0,0.0,0.0,0.0009762006963838182,0.0020042216382142905,0.0012008565891750958,0.0009318324207619991
atoms,50,8.0,cp,300,1.0,1.0,1.0,0.0,0.0,0.0,0.0,0.02940713697685739,0.10742062858533667,0.24048335869242365,0.2841098122059218,0.0,0.0,0.0,0.0,0.0,0.0,0.0,0.0008043935925112965,0.0017193525953110795,0.0009519571584233898,0.0008048718379867801
atoms,50,8.0,dkw,300,1.0,1.0,1.0,0.0,0.0,0.0,0.0,0.028708939750598142,0.11388127096323489,0.2720591795660577,0.3127531642612174,0.0,0.0,0.0,0.0,0.0,0.0,0.0,0.0006891793871069513,0.0014521525246208753,0.0010430159739058826,0.0009494741717032558
atoms,100,1.0,cp,300,0.9933333333333333,0.9966666666666667,1.0,0.0,0.0,0.0,0.0,0.03937813467084473,0.13463806474634707,0.27544818515943087,0.3200109619462385,0.004706155586970109,0.003333333333333333,0.0,0.0,0.0,0.0,0.0,0.0008720486865740089,0.002005017594762656,0.0008519921360785024,0.00045755777517248863
atoms,100,1.0,dkw,300,0.9966666666666667,1.0,1.0,0.0,0.0,0.0,0.0,0.038778694689675465,0.13793930162536078,0.31390259492591177,0.3337278568370119,0.003333333333333333,0.0,0.0,0.0,0.0,0.0,0.0,0.0008395077604290428,0.0018340556633460086,0.000729479009580739,0.00036965677330461663
atoms,100,2.0,cp,300,0.9866666666666667,1.0,1.0,0.0,0.0,0.0,0.0,0.02553599741217301,0.10090655731704355,0.23138365620740747,0.2690850253523741,0.0066331375354149675,0.0,0.0,0.0,0.0,0.0,0.0,0.0006517946467828126,0.0015081906040193117,0.0006615848027006829,0.00032365798853454397
atoms,100,2.0,dkw,300,0.9933333333333333,1.0,1.0,0.0,0.0,0.0,0.0,0.02644529447588514,0.11061008569137501,0.2725897573459537,0.29729506343261525,0.004706155586970108,0.0,0.0,0.0,0.0,0.0,0.0,0.0005355808424521969,0.0011749675274459472,0.0009178870019314272,0.0010850541423741047
atoms,100,4.0,cp,300,0.9866666666666667,0.9966666666666667,1.0,0.0,0.0,0.0,0.0,0.01881252304585413,0.08180416287871194,0.19790939856993114,0.23196458664334357,0.006633137535414967,0.003333333333333333,0.0,0.0,0.0,0.0,0.0,0.00053242149291885,0.0012805364462768038,0.00059314552835419,0.0003638764879963225
atoms,100,4.0,dkw,300,0.99,0.9966666666666667,1.0,0.0,0.0,0.0,0.0,0.020459261591830313,0.09350714175545011,0.22499597135832147,0.25738918984189413,0.005754160919975784,0.003333333333333333,0.0,0.0,0.0,0.0,0.0,0.0004316593217629783,0.0009922055861546226,0.0008439490394598366,0.0009606474445493493
atoms,100,8.0,cp,300,0.9966666666666667,0.9966666666666667,1.0,0.0,0.0,0.0,0.0,0.014854513392409657,0.06951933478822335,0.17244134156360913,0.20388007025261726,0.003333333333333333,0.003333333333333333,0.0,0.0,0.0,0.0,0.0,0.000452826649218362,0.0012345973380982237,0.0005000324303692214,0.0003986342142665967
atoms,100,8.0,dkw,300,0.9933333333333333,1.0,1.0,0.0,0.0,0.0,0.0,0.01696728258273221,0.08545431869156146,0.1918060164562682,0.22388286560645385,0.004706155586970108,0.0,0.0,0.0,0.0,0.0,0.0,0.0003455667264919859,0.0008167896938688858,0.00053940437887072,0.0006069829066687447
atoms,200,1.0,cp,300,0.9866666666666667,0.9933333333333333,1.0,0.0,0.0,0.0,0.0,0.017548363111902502,0.08366624574248341,0.20045686958462194,0.2302393445046074,0.0066331375354149675,0.004706155586970109,0.0,0.0,0.0,0.0,0.0,0.00043045421495468007,0.001154838563956645,0.00040495834538259266,0.00015752807632119864
atoms,200,1.0,dkw,300,0.9933333333333333,0.9966666666666667,1.0,0.0,0.0,0.0,0.0,0.020620721032492413,0.0967618476978244,0.23591834984077395,0.2607139499095953,0.004706155586970109,0.003333333333333333,0.0,0.0,0.0,0.0,0.0,0.00038435672533875263,0.0008716831125295851,0.0007290129535634369,0.0010899685929556698
atoms,200,2.0,cp,300,0.9933333333333333,1.0,1.0,0.0,0.0,0.0,0.0,0.010951917263862389,0.06241248389798244,0.16650426759589426,0.19258264844184153,0.004706155586970109,0.0,0.0,0.0,0.0,0.0,0.0,0.0003200416479775289,0.001096428329683642,0.0003265524062170663,0.00015291714869180835
atoms,200,2.0,dkw,300,0.9933333333333333,1.0,1.0,0.0,0.0,0.0,0.0,0.015015848465912916,0.08211914979633521,0.19034608996560126,0.22017689109727268,0.004706155586970108,0.0,0.0,0.0,0.0,0.0,0.0,0.00031458709259208793,0.0007856152655016475,0.0006091246672923134,0.0008903018647613168
atoms,200,4.0,cp,300,0.99,0.9966666666666667,1.0,0.0,0.0,0.0,0.0,0.008089742720713791,0.04941255271257779,0.1412647915165027,0.16545090894624392,0.005754160919975783,0.0033333333333333335,0.0,0.0,0.0,0.0,0.0,0.00025610979007663,0.0009768331796484772,0.000297194772737981,0.00016491283311428673
atoms,200,4.0,dkw,300,0.99,0.9966666666666667,1.0,0.0,0.0,0.0,0.0,0.011567413450069817,0.07034230097771196,0.15788827304285466,0.18486590507223744,0.005754160919975783,0.0033333333333333335,0.0,0.0,0.0,0.0,0.0,0.000274884516485635,0.0009170471359246491,0.0004127631613781232,0.0005570880697718802
atoms,200,8.0,cp,300,0.9833333333333333,0.9966666666666667,1.0,0.0,0.0,0.0,0.0,0.006598894840550835,0.03932092634563925,0.12323007782907378,0.14593889231532736,0.007403535467669011,0.003333333333333333,0.0,0.0,0.0,0.0,0.0,0.0002136061902938777,0.000834050962797887,0.00026901038603684027,0.0001778503095455614
atoms,200,8.0,dkw,300,0.9966666666666667,1.0,1.0,0.0,0.0,0.0,0.0,0.009255556989771128,0.05969790254573102,0.13686021941189838,0.16148654366976803,0.003333333333333334,0.0,0.0,0.0,0.0,0.0,0.0,0.0002623130872754474,0.0009693649116000252,0.00030481542281388433,0.0003894418801147827
atoms,400,1.0,cp,300,0.99,0.9966666666666667,1.0,0.0,0.0,0.0,0.0,0.007846308183799252,0.05186146289339317,0.14362299881997204,0.1638319024438795,0.005754160919975784,0.003333333333333334,0.0,0.0,0.0,0.0,0.0,0.00022171821800971096,0.0009167230779662426,0.00022444060588392128,7.144658330405732e-05
atoms,400,1.0,dkw,300,0.9966666666666667,1.0,1.0,0.0,0.0,0.0,0.0,0.01141416709186298,0.06995494808624206,0.16428029886708687,0.19123534340451578,0.003333333333333333,0.0,0.0,0.0,0.0,0.0,0.0,0.00025589756295905263,0.0008665653726721364,0.0005002687951212369,0.0008287271293565947
atoms,400,2.0,cp,300,0.9866666666666667,0.99,1.0,0.0,0.0,0.0,0.0,0.0050622398017822045,0.03667531185973689,0.11794262634667535,0.1370306904867938,0.006633137535414968,0.005754160919975784,0.0,0.0,0.0,0.0,0.0,0.00019071491319245097,0.0007707100026877673,0.00019751670151247323,7.865154514025091e-05
atoms,400,2.0,dkw,300,0.9933333333333333,1.0,1.0,0.0,0.0,0.0,0.0,0.007550743587241546,0.05524412735813957,0.13233728842505602,0.15510982122905587,0.004706155586970109,0.0,0.0,0.0,0.0,0.0,0.0,0.00024285204011050628,0.0008586501868373949,0.00028028829406612584,0.00039773452830651237
atoms,400,4.0,cp,300,0.9933333333333333,1.0,1.0,0.0,0.0,0.0,0.0,0.0037692215905757755,0.027197019484535286,0.10020706181579724,0.11775312851228446,0.004706155586970109,0.0,0.0,0.0,0.0,0.0,0.0,0.00015110948970982244,0.0005523180067034383,0.00017266005605507168,8.653716780021109e-05
atoms,400,4.0,dkw,300,0.9966666666666667,1.0,1.0,0.0,0.0,0.0,0.0,0.004787793249915063,0.04007659807521299,0.11209565588948028,0.13255655322081003,0.003333333333333333,0.0,0.0,0.0,0.0,0.0,0.0,0.00018454095477689106,0.0008040543244385483,0.00019287034499324688,0.00029253185580899074
atoms,400,8.0,cp,300,0.9966666666666667,1.0,1.0,0.0,0.0,0.0,0.0,0.0033701334490792326,0.023531416383389868,0.08734396963668457,0.10422571902748189,0.003333333333333333,0.0,0.0,0.0,0.0,0.0,0.0,0.0001330938307629014,0.00045980968650469976,0.0001495970538282251,8.958794693106934e-05
atoms,400,8.0,dkw,300,1.0,1.0,1.0,0.0,0.0,0.0,0.0,0.0037610392241637382,0.03060424336042385,0.0974225808167581,0.11628888523457431,0.0,0.0,0.0,0.0,0.0,0.0,0.0,0.00015614740578451329,0.000675094142497719,0.00015135642820727607,0.00023588366235360707
atoms,800,1.0,cp,300,0.99,1.0,1.0,0.0,0.0,0.0,0.0,0.0034477876220928437,0.028919298629234216,0.10169665568639961,0.11604659581732295,0.005754160919975786,0.0,0.0,0.0,0.0,0.0,0.0,0.00014412016115140003,0.0006013359079538046,0.00011991208662494604,3.699952546422804e-05
atoms,800,1.0,dkw,300,0.9966666666666667,1.0,1.0,0.0,0.0,0.0,0.0,0.004853454454486274,0.042111835893160324,0.11455260089198535,0.13307173064513314,0.0033333333333333335,0.0,0.0,0.0,0.0,0.0,0.0,0.00017493838403647964,0.0006872643668838302,0.0002201448948364234,0.00030430570834373555
atoms,800,2.0,cp,300,0.9966666666666667,1.0,1.0,0.0,0.0,0.0,0.0,0.0023592621077020417,0.021077662066507876,0.08369893576131471,0.09720931568349801,0.003333333333333333,0.0,0.0,0.0,0.0,0.0,0.0,0.00011635694484396566,0.0004500241328471618,0.00010392663187029313,3.392058576753883e-05
atoms,800,2.0,dkw,300,1.0,1.0,1.0,0.0,0.0,0.0,0.0,0.002914883040286815,0.028729975552381787,0.09368646447199715,0.11009725512705083,0.0,0.0,0.0,0.0,0.0,0.0,0.0,0.00013498436314131893,0.000516850747024752,0.00013314762935430374,0.00020768843263933628
atoms,800,4.0,cp,300,0.99,0.9933333333333333,1.0,0.0,0.0,0.0,0.0,0.00182608351487362,0.017566669804539865,0.07070882166588634,0.08378909074508084,0.005754160919975786,0.004706155586970109,0.0,0.0,0.0,0.0,0.0,9.10469134622424e-05,0.0004677764986644971,9.024116762276898e-05,3.68697274107573e-05
atoms,800,4.0,dkw,300,0.9966666666666667,1.0,1.0,0.0,0.0,0.0,0.0,0.0019439263052441474,0.021930207815965323,0.0789884757805807,0.09419871224608493,0.003333333333333333,0.0,0.0,0.0,0.0,0.0,0.0,9.960107006082732e-05,0.0004812382032262722,9.986780813826763e-05,0.0001677427055490871
atoms,800,8.0,cp,300,0.9833333333333333,0.9966666666666667,1.0,0.0,0.0,0.0,0.0,0.0014179942209980047,0.014237975219945834,0.061759771943816495,0.0742453675750519,0.007403535467669013,0.003333333333333333,0.0,0.0,0.0,0.0,0.0,8.365463907095182e-05,0.00040308056390950107,7.984314458305464e-05,3.7254725854951996e-05
atoms,800,8.0,dkw,300,0.99,0.9966666666666667,1.0,0.0,0.0,0.0,0.0,0.0014423706586946434,0.016007412141740694,0.06888802313689647,0.08322414342501555,0.005754160919975786,0.003333333333333333,0.0,0.0,0.0,0.0,0.0,8.692514487646864e-05,0.0005331462438382195,7.495801453557982e-05,0.00012970725575788404
crossing,10,1.0,cp,300,0.9966666666666667,1.0,1.0,0.0,0.0,0.0,0.0,0.17825077278809953,0.34780197530497325,0.550271664805007,0.6460275396840351,0.0033333333333333335,0.0,0.0,0.0,0.0,0.0,0.0,0.00010950414218018653,0.00011753905632571136,0.0011568289572067914,0.0009217459359686106
crossing,10,1.0,dkw,300,0.9966666666666667,1.0,1.0,0.0,0.0,0.0,0.0,0.17705857523368335,0.3463196411807246,0.5774867882309762,0.6645230024824017,0.003333333333333333,0.0,0.0,0.0,0.0,0.0,0.0,0.00049533973552523,0.0005946471338764631,0.00042850136637864283,0.0005270402109825734
crossing,10,2.0,cp,300,1.0,1.0,1.0,0.0,0.0,0.0,0.0,0.1743571881049293,0.3431049228048692,0.5254891265680228,0.6236593229920786,0.0,0.0,0.0,0.0,0.0,0.0,0.0,0.0009618488070060633,0.0012030624229350695,0.001466018981966642,0.0013021458351186134
crossing,10,2.0,dkw,300,1.0,1.0,1.0,0.0,0.0,0.0,0.0,0.1705457524771246,0.3382833860658572,0.5714772837224082,0.6555497135959443,0.0,0.0,0.0,0.0,0.0,0.0,0.0,0.0013352661187450371,0.001731330398518942,0.000988821063166303,0.0012479484008263069
crossing,10,4.0,cp,300,0.9933333333333333,1.0,1.0,0.0,0.0,0.0,0.0,0.1629267729053095,0.32883830028627187,0.4974385255921717,0.5906117647883289,0.004706155586970109,0.0,0.0,0.0,0.0,0.0,0.0,0.001609356395429932,0.002141589921651521,0.0014860590959963902,0.0013822736583968302
crossing,10,4.0,dkw,300,0.9966666666666667,1.0,1.0,0.0,0.0,0.0,0.0,0.154329031463387,0.31740504014370335,0.5523190284034446,0.6305510050020944,0.003333333333333333,0.0,0.0,0.0,0.0,0.0,0.0,0.001984606411632977,0.002681387077137998,0.0015984493016936248,0.0017649253954346866
crossing,10,8.0,cp,300,0.99,1.0,1.0,0.0,0.0,0.0,0.0,0.13620722842340127,0.29292689908694597,0.4710288422692636,0.55271739221586,0.005754160919975783,0.0,0.0,0.0,0.0,0.0,0.0,0.0023012389928282087,0.003410866578034352,0.0015256058103396294,0.0017615786808843363
crossing,10,8.0,dkw,300,0.9966666666666667,1.0,1.0,0.0,0.0,0.0,0.0,0.12188271918530229,0.273828079499052,0.5202950708909606,0.5841084631270378,0.003333333333333333,0.0,0.0,0.0,0.0,0.0,0.0,0.002457088872482977,0.0036731874066158574,0.002076401851352182,0.002131399365999646
crossing,25,1.0,cp,300,0.99,1.0,1.0,0.0,0.0,0.0,0.0,0.13206391357012023,0.2900027964776166,0.46612531763700643,0.5539758199574293,0.005754160919975784,0.0,0.0,0.0,0.0,0.0,0.0,0.0020740755739805153,0.002824662048746533,0.0015224509430982922,0.001072577818096686
crossing,25,1.0,dkw,300,0.9966666666666667,1.0,1.0,0.0,0.0,0.0,0.0,0.13229813586287864,0.28915182339868617,0.5371748303338896,0.6061192183043932,0.003333333333333333,0.0,0.0,0.0,0.0,0.0,0.0,0.002287496682888001,0.00319222579328045,0.0017625516131703598,0.0014343395189072223
crossing,25,2.0,cp,300,0.9833333333333333,0.9933333333333333,1.0,0.0,0.0,0.0,0.0,0.09814321074476437,0.23979728071314785,0.41519042949264606,0.48352569922317334,0.007403535467669015,0.004706155586970108,0.0,0.0,0.0,0.0,0.0,0.001954159276833894,0.003116244159675776,0.0015559009356211654,0.001290559016831436
crossing,25,2.0,dkw,300,0.98,0.99,1.0,0.0,0.0,0.0,0.0,0.09585222193193427,0.23482134609495972,0.4751429407252663,0.527647064544203,0.008096409047527363,0.005754160919975786,0.0,0.0,0.0,0.0,0.0,0.0021844496918988652,0.003492521027380016,0.0020114419973853723,0.0014725934862763294
crossing,25,4.0,cp,300,0.98,0.9966666666666667,1.0,0.0,0.0,0.0,0.0,0.06816614177642301,0.18964069616807722,0.37027248766879856,0.4244381967654431,0.008096409047527363,0.003333333333333333,0.0,0.0,0.0,0.0,0.0,0.001426788371030747,0.002669315156373664,0.001454952561947146,0.0014058710984390299
crossing,25,4.0,dkw,300,0.9766666666666667,0.9966666666666667,1.0,0.0,0.0,0.0,0.0,0.06561837770679395,0.18755895027399894,0.42067106221225736,0.45868548748892113,0.008730235947285761,0.003333333333333333,0.0,0.0,0.0,0.0,0.0,0.0014509537125048978,0.0027340746826231355,0.0018299286014090619,0.0017344318914992638
crossing,25,8.0,cp,300,0.97,0.9866666666666667,1.0,0.0,0.0,0.0,0.0,0.049673014263415596,0.15559618941608974,0.3315506902249513,0.3771398984470044,0.009865313716031493,0.006633137535414967,0.0,0.0,0.0,0.0,0.0,0.0011248752738002982,0.0021391719986093294,0.0013728548774756873,0.0015248918877162785
crossing,25,8.0,dkw,300,0.99,0.9966666666666667,1.0,0.0,0.0,0.0,0.0,0.047054257386569445,0.1545086982132131,0.37352199153745735,0.4027796847546335,0.005754160919975784,0.0033333333333333335,0.0,0.0,0.0,0.0,0.0,0.000992289062999864,0.002009663731286357,0.0015085415012008445,0.0016032431085907612
crossing,50,1.0,cp,300,0.98,0.9933333333333333,1.0,0.0,0.0,0.0,0.0,0.07412601628137272,0.20184171643416945,0.3699884574377266,0.4282426223289011,0.008096409047527365,0.00470615558697011,0.0,0.0,0.0,0.0,0.0,0.001594019985344293,0.002859458841006471,0.00121234303966143,0.000750233304938187
crossing,50,1.0,dkw,300,0.9833333333333333,0.9966666666666667,1.0,0.0,0.0,0.0,0.0,0.07409978342510606,0.2011176156393538,0.42771569564806344,0.4676473803848418,0.007403535467669016,0.003333333333333333,0.0,0.0,0.0,0.0,0.0,0.0017624870872706496,0.0030715123061609713,0.0015887359772481333,0.0011350967492275248
crossing,50,2.0,cp,300,0.99,1.0,1.0,0.0,0.0,0.0,0.0,0.048725225225391654,0.15384105089597364,0.3135415203355496,0.35879709544197763,0.005754160919975784,0.0,0.0,0.0,0.0,0.0,0.0,0.0010340646138921098,0.002130778894154081,0.001180426729109411,0.0009599130088255042
crossing,50,2.0,dkw,300,0.9933333333333333,0.9966666666666667,1.0,0.0,0.0,0.0,0.0,0.047545548318519704,0.15440163888248673,0.3625678949214956,0.39210253928564914,0.004706155586970109,0.003333333333333333,0.0,0.0,0.0,0.0,0.0,0.0010195778835936232,0.0021311355686797037,0.001394700310437637,0.0012831236804631372
crossing,50,4.0,cp,300,0.98,0.9966666666666667,1.0,0.0,0.0,0.0,0.0,0.032842688122899436,0.12260141810746324,0.2705785919143467,0.3096971170993223,0.008096409047527365,0.003333333333333333,0.0,0.0,0.0,0.0,0.0,0.0006836525631469493,0.0015529901648431402,0.0009924408161805932,0.0010222885240841629
crossing,50,4.0,dkw,300,0.9833333333333333,0.9966666666666667,1.0,0.0,0.0,0.0,0.0,0.032125720056237275,0.1262825314420469,0.3146423237269337,0.33802793614863713,0.007403535467669015,0.003333333333333333,0.0,0.0,0.0,0.0,0.0,0.0005643438547604246,0.0014029481469404316,0.0010746171049241038,0.0011486293148855614
crossing,50,8.0,cp,300,0.9733333333333334,0.9966666666666667,1.0,0.0,0.0,0.0,0.0,0.026362468433921902,0.10205859993564098,0.23812021648215634,0.2745692011760776,0.009317074546885731,0.003333333333333333,0.0,0.0,0.0,0.0,0.0,0.000616097732492737,0.0014608609797765431,0.001031865524447086,0.0011270884631528959
crossing,50,8.0,dkw,300,0.9866666666666667,1.0,1.0,0.0,0.0,0.0,0.0,0.02604567597808848,0.10823640365912354,0.27458351642004847,0.30418068677840854,0.006633137535414967,0.0,0.0,0.0,0.0,0.0,0.0,0.0004800062696141187,0.0012601839250370598,0.0011990861774067482,0.0013381492073756842
crossing,100,1.0,cp,300,0.98,0.9966666666666667,1.0,0.0,0.0,0.0,0.0,0.03722309296621471,0.1324933166760538,0.2746196945180197,0.3130161735487849,0.008096409047527363,0.003333333333333333,0.0,0.0,0.0,0.0,0.0,0.0008532557246314373,0.001948930632813366,0.0007991451605621538,0.000576956336803789
crossing,100,1.0,dkw,300,0.9833333333333333,0.9966666666666667,1.0,0.0,0.0,0.0,0.0,0.037690399958308224,0.13473688018450075,0.31884506432311893,0.34628248291693203,0.007403535467669015,0.003333333333333333,0.0,0.0,0.0,0.0,0.0,0.0007922660460696078,0.0018170893276985513,0.0010833610633675967,0.0012436182463148537
crossing,100,2.0,cp,300,0.98,0.99,1.0,0.0,0.0,0.0,0.0,0.023290726555430588,0.09922090718881409,0.22934185261712736,0.26074019909112595,0.008096409047527363,0.0057541609199757825,0.0,0.0,0.0,0.0,0.0,0.0005376528276956205,0.001433809807489123,0.000670177905364627,0.0006060536751095456
crossing,100,2.0,dkw,300,0.9866666666666667,0.9933333333333333,1.0,0.0,0.0,0.0,0.0,0.024694329120289873,0.10666855467083937,0.2689911163064476,0.28899416777448605,0.006633137535414966,0.004706155586970108,0.0,0.0,0.0,0.0,0.0,0.00043076540047728783,0.001169682715643508,0.0007583572158963049,0.0009326682087956958
crossing,100,4.0,cp,300,0.9666666666666667,0.9933333333333333,1.0,0.0,0.0,0.0,0.0,0.016944077247371327,0.07991264895665379,0.1924104298871788,0.22156070657197077,0.01038107073021661,0.004706155586970109,0.0,0.0,0.0,0.0,0.0,0.000444850787993824,0.0012659641358937301,0.0005911786683623861,0.0006454064065069521
crossing,100,4.0,dkw,300,0.99,1.0,1.0,0.0,0.0,0.0,0.0,0.018799887775948265,0.09136675501801995,0.2260352234129471,0.2534630820246682,0.005754160919975785,0.0,0.0,0.0,0.0,0.0,0.0,0.00034908479677928474,0.0009600572652508735,0.00078537247766131,0.0010988770078407617
crossing,100,8.0,cp,300,0.9766666666666667,0.9966666666666667,1.0,0.0,0.0,0.0,0.0,0.011614527208945718,0.06341020167424725,0.1676460982980205,0.19509822492915072,0.008730235947285767,0.003333333333333333,0.0,0.0,0.0,0.0,0.0,0.0003503664163155197,0.001126728875831775,0.0005550177564788395,0.0006485554527013904
crossing,100,8.0,dkw,300,0.98,0.9966666666666667,1.0,0.0,0.0,0.0,0.0,0.013924115496800109,0.07684654281527555,0.1923650029296729,0.21800783267366958,0.008096409047527363,0.003333333333333333,0.0,0.0,0.0,0.0,0.0,0.0002695239537599475,0.0009341851823121953,0.0005468968061127644,0.0008067612315669848
crossing,200,1.0,cp,300,0.9833333333333333,1.0,1.0,0.0,0.0,0.0,0.0,0.016536067849365496,0.08320142626338166,0.19856805154434468,0.2242648377889881,0.007403535467669016,0.0,0.0,0.0,0.0,0.0,0.0,0.0004184681511706865,0.001326194162833864,0.0004118427505611626,0.0003131501941403758
crossing,200,1.0,dkw,300,0.9933333333333333,1.0,1.0,0.0,0.0,0.0,0.0,0.0190181427090546,0.09446488831673827,0.23590004389520294,0.2530305781063567,0.004706155586970108,0.0,0.0,0.0,0.0,0.0,0.0,0.0003533444680165513,0.00106862162763932,0.0005382598966789376,0.0007987500311888447
crossing,200,2.0,cp,300,0.9766666666666667,1.0,1.0,0.0,0.0,0.0,0.0,0.009795730492835266,0.059720920917082566,0.16338052504522008,0.18557883984569254,0.008730235947285765,0.0,0.0,0.0,0.0,0.0,0.0,0.0002812510587076119,0.0011015862026240155,0.0003622114303350145,0.00035641566378689205
crossing,200,2.0,dkw,300,0.9933333333333333,1.0,1.0,0.0,0.0,0.0,0.0,0.013027506924199543,0.0762658012601242,0.1953327232984898,0.22181738569972614,0.00470615558697011,0.0,0.0,0.0,0.0,0.0,0.0,0.00025015642901645964,0.0009242500689477553,0.0005982846084793012,0.0010654857379863228
crossing,200,4.0,cp,300,0.98,1.0,1.0,0.0,0.0,0.0,0.0,0.006922624245170719,0.04773194534787001,0.13628585439924254,0.15753195300397632,0.008096409047527363,0.0,0.0,0.0,0.0,0.0,0.0,0.00020699109977973359,0.0008900515316359226,0.00031190491644698677,0.00039484458692660355
crossing,200,4.0,dkw,300,0.9933333333333333,0.9966666666666667,1.0,0.0,0.0,0.0,0.0,0.009942926985400802,0.06509425316882486,0.1592907219228555,0.1812647800905032,0.004706155586970109,0.003333333333333333,0.0,0.0,0.0,0.0,0.0,0.00020387137675618856,0.0007200064580060623,0.0003499261916247388,0.0005834629462545724
crossing,200,8.0,cp,300,0.9766666666666667,1.0,1.0,0.0,0.0,0.0,0.0,0.004707489010108253,0.034494103759291427,0.1180358551324452,0.1390791233786504,0.008730235947285767,0.0,0.0,0.0,0.0,0.0,0.0,0.00015644146328866834,0.0007433714716236914,0.000277704619030733,0.0003858888953604874
crossing,200,8.0,dkw,300,0.9833333333333333,1.0,1.0,0.0,0.0,0.0,0.0,0.007238223424295335,0.05246621773241935,0.13839867138232761,0.15691828743193495,0.007403535467669015,0.0,0.0,0.0,0.0,0.0,0.0,0.0001737510810020717,0.0007120794507701919,0.00026678214322811044,0.00045286855673566326
crossing,400,1.0,cp,300,0.9666666666666667,0.9933333333333333,1.0,0.0,0.0,0.0,0.0,0.006986810589840373,0.048904726466462066,0.14183541161356059,0.15918911937919725,0.010381070730216603,0.00470615558697011,0.0,0.0,0.0,0.0,0.0,0.00020174991156553717,0.0009440315787535966,0.00021462140048928785,0.00017468149217048808
crossing,400,1.0,dkw,300,0.99,0.9966666666666667,1.0,0.0,0.0,0.0,0.0,0.010335459052408286,0.06630172925241214,0.1696303584695953,0.19420103383500048,0.005754160919975783,0.003333333333333333,0.0,0.0,0.0,0.0,0.0,0.00021052151687438148,0.0007491865748395497,0.0004736560997953765,0.0010060156927964746
crossing,400,2.0,cp,300,0.98,0.9966666666666667,1.0,0.0,0.0,0.0,0.0,0.0039011595491449808,0.03391587408203579,0.11541248731918001,0.13127426738279768,0.008096409047527366,0.003333333333333333,0.0,0.0,0.0,0.0,0.0,0.00011321024791227027,0.0006911510209832027,0.00018537208118368903,0.0002075550928782646
crossing,400,2.0,dkw,300,0.9933333333333333,0.9966666666666667,1.0,0.0,0.0,0.0,0.0,0.006610576141443914,0.052455493862186016,0.1356421508080205,0.15435832288082524,0.004706155586970108,0.003333333333333333,0.0,0.0,0.0,0.0,0.0,0.0001444958648926845,0.0006394472369919961,0.00025747587743869355,0.0005436137902042288
crossing,400,4.0,cp,300,0.9866666666666667,1.0,1.0,0.0,0.0,0.0,0.0,0.002492592383524396,0.023487298268395726,0.0963754867037937,0.11182543931930666,0.006633137535414969,0.0,0.0,0.0,0.0,0.0,0.0,8.217226344654127e-05,0.0006075373251273042,0.00015959540861458139,0.00022200646121987866
crossing,400,4.0,dkw,300,0.99,1.0,1.0,0.0,0.0,0.0,0.0,0.004705552551956313,0.04240109263039922,0.11379464702095082,0.1281315262103536,0.005754160919975785,0.0,0.0,0.0,0.0,0.0,0.0,0.00010705907427966146,0.0006134237033553127,0.00015614868727623088,0.0003049347330869458
crossing,400,8.0,cp,300,0.9866666666666667,0.9966666666666667,1.0,0.0,0.0,0.0,0.0,0.001991572410449125,0.01749983847552361,0.08269079589927932,0.09846342422865222,0.006633137535414967,0.003333333333333333,0.0,0.0,0.0,0.0,0.0,6.703695329639332e-05,0.0005777998474040758,0.00015339250301014634,0.0002396824955575622
crossing,400,8.0,dkw,300,0.9933333333333333,1.0,1.0,0.0,0.0,0.0,0.0,0.0035413645995187757,0.03346599849681731,0.09876628991202442,0.11142538449407195,0.004706155586970109,0.0,0.0,0.0,0.0,0.0,0.0,9.180266059614351e-05,0.0006060506381928584,0.00012805391663118376,0.00018760661412133014
crossing,800,1.0,cp,300,0.99,0.9933333333333333,1.0,0.0,0.0,0.0,0.0,0.002643442416990179,0.02620494480814721,0.10047866169203293,0.11245938807083476,0.005754160919975783,0.004706155586970108,0.0,0.0,0.0,0.0,0.0,7.827192766593331e-05,0.0006511208030640135,9.961081642029566e-05,9.21102482590777e-05
crossing,800,1.0,dkw,300,0.9966666666666667,0.9966666666666667,1.0,0.0,0.0,0.0,0.0,0.004699248178883845,0.04410923240615929,0.11752955490017213,0.134837127545269,0.003333333333333333,0.003333333333333333,0.0,0.0,0.0,0.0,0.0,0.00010893838580405775,0.0006232166747271451,0.00021737633884894516,0.0005058300233897776
crossing,800,2.0,cp,300,0.97,1.0,1.0,0.0,0.0,0.0,0.0,0.0016703597860787823,0.01702215552343038,0.08125381320145264,0.09245641441600048,0.009865313716031488,0.0,0.0,0.0,0.0,0.0,0.0,5.3155740217104505e-05,0.0005717882256677756,8.868006081867422e-05,0.00010707051025244251
crossing,800,2.0,dkw,300,0.98,1.0,1.0,0.0,0.0,0.0,0.0,0.0030229966027238496,0.03232455986356903,0.09525177127984316,0.10746398974910266,0.008096409047527366,0.0,0.0,0.0,0.0,0.0,0.0,7.879375659505024e-05,0.0005934158497284758,0.0001265045584441064,0.0003013848756923771
crossing,800,4.0,cp,300,0.97,0.9933333333333333,1.0,0.0,0.0012,0.0,0.02,0.0011414719587494633,0.009919156385796692,0.06774336223128505,0.07892921984137037,0.00986531371603149,0.004706155586970108,0.0,0.0,0.0005125841149668881,0.0,0.008096409047527366,3.896705610300996e-05,0.0003113626177346651,8.084597168344394e-05,0.00013117654892128643
crossing,800,4.0,dkw,300,0.9866666666666667,1.0,1.0,0.0,0.0,0.0,0.0,0.002139722165062359,0.023038563956115327,0.08024603302602115,0.08987777432523993,0.006633137535414969,0.0,0.0,0.0,0.0,0.0,0.0,5.758252257183256e-05,0.0005598533111292105,7.418923622402112e-05,0.00017257591394921607
crossing,800,8.0,cp,300,0.9833333333333333,1.0,1.0,0.0,0.012533333333333334,0.0,0.17,0.0010947186871101446,0.009138013485230988,0.05794875896492961,0.06949103947590247,0.007403535467669015,0.0,0.0,0.0,0.0019287031781643246,0.0,0.02172340568407841,2.9862011301190737e-05,0.0002061132447589716,7.979508600581135e-05,0.00013529563772636793
crossing,800,8.0,dkw,300,0.99,1.0,1.0,0.0,0.0010666666666666667,0.0,0.016666666666666666,0.0016477905152449505,0.015434918030958257,0.0696672406840698,0.078645034976147,0.005754160919975783,0.0,0.0,0.0,0.000530651002833197,0.0,0.007403535467669015,5.5060297982026584e-05,0.0005526370103745507,6.025858678259742e-05,0.00011984040956962659
identical,10,1.0,cp,300,1.0,1.0,1.0,0.0,0.0,0.0,0.0,0.29656992028329787,0.41284658105836136,0.5649447406565528,0.6524799373433546,0.0,0.0,0.0,0.0,0.0,0.0,0.0,0.0012222999779605364,0.0006836716819841928,0.0008210916985621995,0.000893820201528967
identical,10,1.0,dkw,300,1.0,1.0,1.0,0.0,0.0,0.0,0.0,0.28782388825140826,0.4080636765384772,0.5769337643570018,0.6591562530785606,0.0,0.0,0.0,0.0,0.0,0.0,0.0,0.002074576940744587,0.0011506250279553773,0.000358852147713516,0.0010672964675309232
identical,10,2.0,cp,300,0.9966666666666667,1.0,1.0,0.0,0.0,0.0,0.0,0.26314422076300004,0.39226876420621415,0.5528119148967351,0.6308546586565434,0.003333333333333333,0.0,0.0,0.0,0.0,0.0,0.0,0.003823237186234641,0.002492162257469764,0.0009585768259277463,0.0015236716170634003
identical,10,2.0,dkw,300,0.99,1.0,1.0,0.0,0.0,0.0,0.0,0.25125456922402717,0.3855177766317478,0.5709992747016599,0.6418180532002147,0.005754160919975784,0.0,0.0,0.0,0.0,0.0,0.0,0.004131324877301117,0.002641854295396496,0.000923245176099175,0.002086238750475508
identical,10,4.0,cp,300,0.9933333333333333,1.0,1.0,0.0,0.0,0.0,0.0,0.1990889682185549,0.3450647690175769,0.5334499709086694,0.5964232563810348,0.004706155586970108,0.0,0.0,0.0,0.0,0.0,0.0,0.00553001919127581,0.004251805082325819,0.0010962252738697476,0.0019811751344766034
identical,10,4.0,dkw,300,0.9966666666666667,1.0,1.0,0.0,0.0,0.0,0.0,0.19682838144038287,0.348044873232439,0.5593041240228901,0.6150686242936896,0.0033333333333333335,0.0,0.0,0.0,0.0,0.0,0.0,0.005362965268612357,0.0037794527338922174,0.001398613435399361,0.0026940177283724565
identical,10,8.0,cp,300,1.0,1.0,1.0,0.0,0.0,0.0,0.0,0.1378926539216722,0.2961899473999051,0.5117489413495587,0.5653116680586496,0.0,0.0,0.0,0.0,0.0,0.0,0.0,0.00521698172611013,0.004533407228616326,0.0011656369852044394,0.0019582948899410204
identical,10,8.0,dkw,300,1.0,1.0,1.0,0.0,0.0,0.0,0.0,0.1527218324637469,0.3149030519131584,0.5457824207310514,0.5920393379863292,0.0,0.0,0.0,0.0,0.0,0.0,0.0,0.005324928113464008,0.0040597208349849295,0.0015574607600251855,0.002596565744499475
identical,25,1.0,cp,300,0.9966666666666667,1.0,1.0,0.0,0.0,0.0,0.0,0.14806292100224597,0.3156972231899955,0.5034348605996829,0.5460444715980509,0.003333333333333333,0.0,0.0,0.0,0.0,0.0,0.0,0.0041374219570734835,0.0031632785808095296,0.0007458399356140791,0.0013116176967064206
identical,25,1.0,dkw,300,0.9966666666666667,1.0,1.0,0.0,0.0,0.0,0.0,0.14360881066814402,0.3167997469428192,0.5445872521155484,0.5811339690716867,0.003333333333333333,0.0,0.0,0.0,0.0,0.0,0.0,0.0038606673020464316,0.002800833693002799,0.0012020576215521176,0.00176787855398831
identical,25,2.0,cp,300,0.99,0.9966666666666667,1.0,0.0,0.0,0.0,0.0,0.07387601553534247,0.24249642477442915,0.4562971104646336,0.4871177457924414,0.005754160919975784,0.0033333333333333335,0.0,0.0,0.0,0.0,0.0,0.0030425903816644487,0.0034132055504552746,0.000861987213390881,0.0008723490007255056
identical,25,2.0,dkw,300,0.9966666666666667,1.0,1.0,0.0,0.0,0.0,0.0,0.08816273318169576,0.26673171756322095,0.5087947388778865,0.539574386121323,0.003333333333333333,0.0,0.0,0.0,0.0,0.0,0.0,0.00313233907266578,0.00282395746779748,0.0012925238621168504,0.0008577134971998621
identical,25,4.0,cp,300,0.9966666666666667,1.0,1.0,0.0,0.0,0.0,0.0,0.03858252839548903,0.1823390758944417,0.41416334969431984,0.44013198889581123,0.003333333333333333,0.0,0.0,0.0,0.0,0.0,0.0,0.0018029788404977157,0.0033734437363655808,0.0008135614888733981,0.0008069625685706545
identical,25,4.0,dkw,300,0.9966666666666667,1.0,1.0,0.0,0.0,0.0,0.0,0.05515853421018162,0.2256295894468173,0.47147136542760204,0.5036188580850872,0.003333333333333333,0.0,0.0,0.0,0.0,0.0,0.0,0.0019698155759943826,0.0024352456051989738,0.0010546871635812353,0.000780948279692963
identical,25,8.0,cp,300,0.9966666666666667,1.0,1.0,0.0,0.0,0.0,0.0,0.02156043743020657,0.12159801537714718,0.3787886580878773,0.4050440572458141,0.003333333333333333,0.0,0.0,0.0,0.0,0.0,0.0,0.001002866619534546,0.003566238840965134,0.0008729476567099599,0.0008958955941274771
identical,25,8.0,dkw,300,1.0,1.0,1.0,0.0,0.0,0.0,0.0,0.03888660761688854,0.19157777964447975,0.4328094858226623,0.4751903571951534,0.0,0.0,0.0,0.0,0.0,0.0,0.0,0.0015232202663156735,0.0025241708911676645,0.0009693840388489331,0.0011056209465112603
identical,50,1.0,cp,300,0.9966666666666667,0.9966666666666667,1.0,0.0,0.0,0.0,0.0,0.043891738678196755,0.20764246869796846,0.4033670757409249,0.4338371152294883,0.0033333333333333335,0.0033333333333333335,0.0,0.0,0.0,0.0,0.0,0.001506930513991878,0.0024667470391553873,0.000498012337884244,0.0005794690401052183
identical,50,1.0,dkw,300,0.9966666666666667,0.9966666666666667,1.0,0.0,0.0,0.0,0.0,0.05370461486740674,0.23214890620578776,0.4658170952448552,0.5043296537387021,0.0033333333333333335,0.0033333333333333335,0.0,0.0,0.0,0.0,0.0,0.0014665545693024092,0.0018958684685828429,0.000786763486877012,0.0008808078293276886
identical,50,2.0,cp,300,0.9966666666666667,1.0,1.0,0.0,0.0,0.0,0.0,0.01936607716337436,0.13730489987151426,0.3514299100637451,0.3784371727362153,0.003333333333333333,0.0,0.0,0.0,0.0,0.0,0.0,0.0006344033991372279,0.0027616263704638246,0.0004658287590398658,0.0008166417315484067
identical,50,2.0,dkw,300,1.0,1.0,1.0,0.0,0.0,0.0,0.0,0.03123502404979122,0.1897439716468918,0.4144561231252856,0.4626901677564286,0.0,0.0,0.0,0.0,0.0,0.0,0.0,0.0009032143301862432,0.001643806759865058,0.0006029215778804465,0.001392455979620891
identical,50,4.0,cp,300,0.99,1.0,1.0,0.0,0.0,0.0,0.0,0.011564658461338964,0.07290000057333314,0.3109455405609456,0.33670563512628654,0.005754160919975785,0.0,0.0,0.0,0.0,0.0,0.0,0.0005016256454846793,0.002787751760667787,0.0005669418581447024,0.0008352758563882159
identical,50,4.0,dkw,300,0.9966666666666667,1.0,1.0,0.0,0.0,0.0,0.0,0.021435070262115448,0.15470020163317336,0.36796519323586474,0.4344764622218717,0.003333333333333333,0.0,0.0,0.0,0.0,0.0,0.0,0.0007051260362483398,0.0018328716555917344,0.0005260795603081557,0.0013292519991518383
identical,50,8.0,cp,300,0.9866666666666667,0.9933333333333333,1.0,0.0,0.0,0.0,0.0,0.008526138680127268,0.03810870955567816,0.28129613571093204,0.3035349181129122,0.006633137535414967,0.00470615558697011,0.0,0.0,0.0,0.0,0.0,0.00040896931436884624,0.0013093614765010311,0.0005561351808868648,0.00060394473314381
identical,50,8.0,dkw,300,0.99,0.9966666666666667,1.0,0.0,0.0,0.0,0.0,0.01584218034303675,0.115481550203775,0.333690323172641,0.4065974277477247,0.005754160919975785,0.0033333333333333335,0.0,0.0,0.0,0.0,0.0,0.0005960869857921657,0.0024650659270877948,0.0006365328689762603,0.0018700536694892195
identical,100,1.0,cp,300,0.9966666666666667,1.0,1.0,0.0,0.0,0.0,0.0,0.01307201458820983,0.10998865726178939,0.3027808931373186,0.33724196541030377,0.0033333333333333335,0.0,0.0,0.0,0.0,0.0,0.0,0.00042707111050675696,0.002752915789096501,0.0003060086984916115,0.0009292573646423352
identical,100,1.0,dkw,300,0.9966666666666667,1.0,1.0,0.0,0.0,0.0,0.0,0.02277558205933126,0.17480714936893232,0.3663864798048985,0.4326855226710858,0.0033333333333333335,0.0,0.0,0.0,0.0,0.0,0.0,0.0005375093558001049,0.0013334270793041102,0.0005333189675707556,0.0014556862781188325
identical,100,2.0,cp,300,0.9966666666666667,0.9966666666666667,1.0,0.0,0.0,0.0,0.0,0.00685789933357711,0.03993823446131237,0.25957405505525594,0.29145291560156006,0.003333333333333333,0.003333333333333333,0.0,0.0,0.0,0.0,0.0,0.0002944679647208272,0.0017904084414181764,0.00024610255243892744,0.0009503056490099223
identical,100,2.0,dkw,300,1.0,1.0,1.0,0.0,0.0,0.0,0.0,0.013568296672046098,0.13083154885013257,0.31706635197620925,0.40879618956063885,0.0,0.0,0.0,0.0,0.0,0.0,0.0,0.0003848291284433091,0.0013898931288714648,0.00030487245830105783,0.0010602598841001967
identical,100,4.0,cp,300,0.9966666666666667,1.0,1.0,0.0,0.0,0.0,0.0,0.0049955004266096165,0.026444456669881586,0.22705240298788093,0.2515354652795279,0.003333333333333333,0.0,0.0,0.0,0.0,0.0,0.0,0.0002363247909866023,0.0007589104352812387,0.00029328163003411293,0.000620836015136938
identical,100,4.0,dkw,300,1.0,1.0,1.0,0.0,0.0,0.0,0.0,0.009321083777733724,0.08145536392524398,0.28035044320051816,0.3751991338121355,0.0,0.0,0.0,0.0,0.0,0.0,0.0,0.0003244178028944992,0.0025094486018274686,0.0004578257314508996,0.0019117711909753378
identical,100,8.0,cp,300,0.99,0.9966666666666667,1.0,0.0,0.0,0.0,0.0,0.0050415635216620215,0.026823143898294443,0.20263485858599375,0.22190885638947014,0.005754160919975783,0.003333333333333333,0.0,0.0,0.0,0.0,0.0,0.00022137584129175151,0.0006896813766746478,0.00034249748499980766,0.0004446951381476361
identical,100,8.0,dkw,300,1.0,1.0,1.0,0.0,0.0,0.0,0.0,0.007592766051124699,0.04432679580832239,0.24176472652542277,0.3302492962888756,0.0,0.0,0.0,0.0,0.0,0.0,0.0,0.00028702394472494846,0.0015887868316494236,0.00034630301226823147,0.0008511070058454703
identical,200,1.0,cp,300,0.9933333333333333,1.0,1.0,0.0,0.0,0.0,0.0,0.004321879010889992,0.026256876606821036,0.22040612283669447,0.26101661811173765,0.004706155586970108,0.0,0.0,0.0,0.0,0.0,0.0,0.00020339515370917626,0.0009210431287590634,0.0001272438731461103,0.0009618796037940431
identical,200,1.0,dkw,300,1.0,1.0,1.0,0.0,0.0,0.0,0.0,0.009885506764806467,0.11554635372999994,0.27878950880502257,0.39177248582028296,0.0,0.0,0.0,0.0,0.0,0.0,0.0,0.0002486748445138011,0.0014965265674071887,0.0002788994881876466,0.0009603616455654164
identical,200,2.0,cp,300,0.99,1.0,1.0,0.0,0.0,0.0,0.0,0.0032641061710150187,0.021176547369668976,0.18668855621372019,0.2159242507155083,0.005754160919975784,0.0,0.0,0.0,0.0,0.0,0.0,0.00017589101910303023,0.0006306542803436949,0.00014423386161054234,0.0007377287168170266
identical,200,2.0,dkw,300,0.9966666666666667,1.0,1.0,0.0,0.0,0.0,0.0,0.005778541619381726,0.04754550753063233,0.2401640749508958,0.3511404059689906,0.0033333333333333335,0.0,0.0,0.0,0.0,0.0,0.0,0.00022019751915721325,0.0020603520359396346,0.00039664860381262223,0.0019381408424467902
identical,200,4.0,cp,300,1.0,1.0,1.0,0.0,0.0,0.0,0.0,0.0027651434441341286,0.01901275719867432,0.1625848553960607,0.18315565183689783,0.0,0.0,0.0,0.0,0.0,0.0,0.0,0.00012807974153913507,0.0005576148294268916,0.0001587273090395119,0.0004173730861798505
identical,200,4.0,dkw,300,1.0,1.0,1.0,0.0,0.0,0.0,0.0,0.004389494034676348,0.030485590559089264,0.2018341847786036,0.30096644292711816,0.0,0.0,0.0,0.0,0.0,0.0,0.0,0.00014460643231921003,0.0005746829733817051,0.00025217820134322024,0.0006650172763721672
identical,200,8.0,cp,300,0.9933333333333333,0.9966666666666667,1.0,0.0,0.0,0.0,0.0,0.002646453956252472,0.018409405720633834,0.14500074215392866,0.16071908316151762,0.004706155586970109,0.003333333333333333,0.0,0.0,0.0,0.0,0.0,0.0001280636070009477,0.0005200102571539262,0.00018908910292662431,0.00031424476197653713
identical,200,8.0,dkw,300,0.9966666666666667,1.0,1.0,0.0,0.0,0.0,0.0,0.003967235320850822,0.028221105077273906,0.17787242499562214,0.28798332754732425,0.003333333333333333,0.0,0.0,0.0,0.0,0.0,0.0,0.00014130054722548822,0.0005830705583990655,0.00019398808499558232,0.0005578529832815107
identical,400,1.0,cp,300,0.9766666666666667,0.9933333333333333,1.0,0.0,0.0,0.0,0.0,0.0024162171881489725,0.018356089371706033,0.1580531284610555,0.19314665109237655,0.008730235947285758,0.004706155586970109,0.0,0.0,0.0,0.0,0.0,0.00012448860728425459,0.000617048919704248,6.620883291078562e-05,0.0007901969234541823
identical,400,1.0,dkw,300,0.9966666666666667,1.0,1.0,0.0,0.0,0.0,0.0,0.0039550873219022925,0.0330197173067117,0.21124855461686065,0.3304125260791972,0.003333333333333333,0.0,0.0,0.0,0.0,0.0,0.0,0.00016528535881354736,0.0013764008306955328,0.0003791281287662654,0.001974961845847558
identical,400,2.0,cp,300,0.9933333333333333,0.9933333333333333,1.0,0.0,0.0,0.0,0.0,0.0016865306561121506,0.014495547413855307,0.13344988859356186,0.15618638934698284,0.004706155586970109,0.004706155586970109,0.0,0.0,0.0,0.0,0.0,7.704152422657615e-05,0.0004482699187860686,7.441235763313858e-05,0.00039682631727475527
identical,400,2.0,dkw,300,0.9966666666666667,1.0,1.0,0.0,0.0,0.0,0.0,0.0029386861247765296,0.024357021521368916,0.1727719316500768,0.27848032038656784,0.003333333333333333,0.0,0.0,0.0,0.0,0.0,0.0,0.00010654138053919196,0.0005985611779408391,0.0001770457668027936,0.000610386389395239
identical,400,4.0,cp,300,0.99,0.9966666666666667,1.0,0.0,0.0,0.0,0.0,0.0013929250561962297,0.01250846186950361,0.11571591361000276,0.131760706819215,0.005754160919975784,0.0033333333333333335,0.0,0.0,0.0,0.0,0.0,7.429149888639262e-05,0.0004069255008280312,8.285605435592216e-05,0.00023207677939763685
identical,400,4.0,dkw,300,0.9966666666666667,1.0,1.0,0.0,0.0,0.0,0.0,0.002418229169468281,0.022509139710786885,0.1486625806026417,0.26537550207737665,0.0033333333333333335,0.0,0.0,0.0,0.0,0.0,0.0,8.432570083578108e-05,0.0005262540169573748,0.00012051923375516669,0.0004488357383089629
identical,400,8.0,cp,300,0.99,1.0,1.0,0.0,0.0,0.0,0.0,0.0013213924350174405,0.012070886492742123,0.10302545139964864,0.11518012719748927,0.005754160919975783,0.0,0.0,0.0,0.0,0.0,0.0,6.630302127314135e-05,0.0003743848510607658,8.754583214288414e-05,0.00019267189015796367
identical,400,8.0,dkw,300,0.9966666666666667,1.0,1.0,0.0,0.0,0.0,0.0,0.0021215466786189447,0.019558043048384353,0.13065744156072112,0.23533900136949726,0.003333333333333333,0.0,0.0,0.0,0.0,0.0,0.0,7.488021844138874e-05,0.0004673856730877288,0.0001661372740058415,0.0011046618659095052
identical,800,1.0,cp,300,0.99,1.0,1.0,0.0,0.0,0.0,0.0,0.0010929342146039729,0.011001362866041513,0.11250800690579583,0.1377908019964837,0.005754160919975785,0.0,0.0,0.0,0.0,0.0,0.0,6.181659570992444e-05,0.0004093052155932886,3.416662484224057e-05,0.0004282446511802487
identical,800,1.0,dkw,300,1.0,1.0,1.0,0.0,0.0,0.0,0.0,0.002228480132676744,0.021773553176039583,0.15204415743716598,0.2621130817559059,0.0,0.0,0.0,0.0,0.0,0.0,0.0,7.915886524568783e-05,0.0005524133446445751,0.00017054696930254447,0.00044593785212879015
identical,800,2.0,cp,300,0.9866666666666667,0.9966666666666667,1.0,0.0,0.0,0.0,0.0,0.0007337966869534588,0.008552817760940712,0.09466180799921829,0.11118090694321209,0.006633137535414968,0.003333333333333333,0.0,0.0,0.0,0.0,0.0,3.8043867567776566e-05,0.00032422512019080797,3.763054175526498e-05,0.000217659073011408
identical,800,2.0,dkw,300,0.9933333333333333,1.0,1.0,0.0,0.0,0.0,0.0,0.0016337519372211964,0.01783089162922657,0.1272550556710113,0.24753942952479208,0.004706155586970109,0.0,0.0,0.0,0.0,0.0,0.0,5.5241668105267665e-05,0.00046879425530023156,7.927721538594423e-05,0.00037029662694936546
identical,800,4.0,cp,300,0.9833333333333333,0.9966666666666667,1.0,0.0,0.0,0.0,0.0,0.000719670609059082,0.008362180814371442,0.08193178417678976,0.09379484320530597,0.007403535467669015,0.0033333333333333335,0.0,0.0,0.0,0.0,0.0,3.7025026512234376e-05,0.0002967432117993717,4.004296371866683e-05,0.00014586410982851428
identical,800,4.0,dkw,300,0.9933333333333333,1.0,1.0,0.0,0.0,0.0,0.0,0.0013991949507751503,0.015590253657141359,0.10917410674270328,0.21686627573345538,0.004706155586970109,0.0,0.0,0.0,0.0,0.0,0.0,4.526096474082913e-05,0.0003965807130520595,0.00011711520619928217,0.0009789431636204559
identical,800,8.0,cp,300,0.9933333333333333,1.0,1.0,0.0,0.0,0.0,0.0,0.0006615168664237008,0.007608726839158249,0.0729484211330074,0.08172839196063826,0.004706155586970109,0.0,0.0,0.0,0.0,0.0,0.0,3.254174665854392e-05,0.00024737173863317917,5.0426918725082706e-05,0.00012708621209936598
identical,800,8.0,dkw,300,1.0,1.0,1.0,0.0,0.0,0.0,0.0,0.0011368483780145118,0.012675948397632596,0.0915056493346797,0.15074804723173962,0.0,0.0,0.0,0.0,0.0,0.0,0.0,4.1141381558332345e-05,0.00034690641756141894,9.163023536730243e-05,0.0005626239718688027
separated,10,1.0,cp,300,0.9933333333333333,0.9966666666666667,1.0,0.0,0.0,0.0,0.0,0.3000716976845717,0.5580028429322396,0.5522861382974845,0.5836600678743122,0.004706155586970108,0.0033333333333333335,0.0,0.0,0.0,0.0,0.0,0.0028981395059333925,0.0009957318791912408,0.0005553462937278939,0.0010438339819674983
separated,10,1.0,dkw,300,0.9933333333333333,0.9966666666666667,1.0,0.0,0.0,0.0,0.0,0.2536104547121866,0.5408113610255809,0.5392606523676666,0.5675351183476808,0.004706155586970108,0.0033333333333333335,0.0,0.0,0.0,0.0,0.0,0.0023686173875825086,0.0007834947753302617,0.00060056237525885,0.0007037573304417089
separated,10,2.0,cp,300,0.9933333333333333,1.0,1.0,0.0,0.0,0.0,0.0,0.09957143554086695,0.4929507387969628,0.47750578694971885,0.5248522329118407,0.004706155586970109,0.0,0.0,0.0,0.0,0.0,0.0,0.0016655672131017298,0.00044657593147151136,0.0011864902763988317,0.0004651228243562567
separated,10,2.0,dkw,300,0.9933333333333333,1.0,1.0,0.0,0.0,0.0,0.0,0.11686397377771579,0.49941537972560157,0.48354033046881495,0.5291043285862098,0.004706155586970109,0.0,0.0,0.0,0.0,0.0,0.0,0.0014710852002794849,0.00032668121362490455,0.0008330250955868072,0.0003348125964469644
separated,10,4.0,cp,300,0.99,0.9966666666666667,1.0,0.0,0.0,0.0,0.0,0.0316943231469648,0.446804078306076,0.4074816463007008,0.5056370648275068,0.005754160919975785,0.003333333333333333,0.0,0.0,0.0,0.0,0.0,0.0008805281457379262,0.00042011738249690716,0.0013715044482697785,9.234121416178888e-05
separated,10,4.0,dkw,300,0.9933333333333333,1.0,1.0,0.0,0.0,0.0,0.0,0.05324145504460734,0.4714921937796118,0.43362368717043354,0.5118914721644376,0.004706155586970109,0.0,0.0,0.0,0.0,0.0,0.0,0.0010330887946672401,0.000316925376881906,0.0008520089377850245,0.00013680716201195837
separated,10,8.0,cp,300,1.0,1.0,1.0,0.0,0.0,0.0,0.0,0.01193029787397484,0.061765272050913714,0.3550305936739404,0.46818806988565154,0.0,0.0,0.0,0.0,0.0,0.0,0.0,0.0007175275645056882,0.0031830848193889695,0.0015619548870267695,0.0008404869290461934
separated,10,8.0,dkw,300,0.9933333333333333,1.0,1.0,0.0,0.0,0.0,0.0,0.030216718687840458,0.44500080357739186,0.3921133947456556,0.5052877212720152,0.004706155586970109,0.0,0.0,0.0,0.0,0.0,0.0,0.0008090032608888782,0.00023244741484739772,0.0009752023763936636,6.953706775212076e-05
separated,25,1.0,cp,300,0.9933333333333333,1.0,1.0,0.0,0.0,0.0,0.0,0.04109144018936604,0.4493345577636621,0.36016940660333463,0.5065663072845974,0.004706155586970109,0.0,0.0,0.0,0.0,0.0,0.0,0.001545272601946117,0.0006024484232814287,0.001257721698360132,0.0001521223628041321
separated,25,1.0,dkw,300,0.9966666666666667,1.0,1.0,0.0,0.0,0.0,0.0,0.05860845577189333,0.4719800199257664,0.40317502443472514,0.5124037190402194,0.003333333333333333,0.0,0.0,0.0,0.0,0.0,0.0,0.0014155997923460393,0.00033127935118865273,0.0007013440813176398,0.00013580384080435056
separated,25,2.0,cp,300,0.9966666666666667,1.0,1.0,0.0,0.16,0.0,0.34,0.010554076962911742,0.061799412587552685,0.28655885483162064,0.47259371455501653,0.0033333333333333335,0.0,0.0,0.0,0.014558228909641,0.0,0.027395285584216902,0.0006799197973791657,0.0031822405548507736,0.0013775978440727465,0.0006541898381917346
separated,25,2.0,dkw,300,1.0,1.0,1.0,0.0,0.0037333333333333337,0.0,0.023333333333333334,0.027003807472230756,0.4445186455441493,0.3508895120486401,0.5050915327486146,0.0,0.0,0.0,0.0,0.0018572785099161906,0.0,0.008730235947285758,0.0006726507120163648,8.017073511001195e-05,0.0007263158695698484,1.9404889773190236e-05
separated,25,4.0,cp,300,0.9833333333333333,0.9933333333333333,1.0,0.0,0.6553333333333333,0.0,0.8933333333333333,0.007398274969687473,0.04488458934844607,0.23123049908198492,0.41173770043955227,0.007403535467669015,0.004706155586970109,0.0,0.0,0.01745293613010433,0.0,0.017851944882371795,0.000373299660438824,0.002348766615081827,0.0013602410233230114,0.0009681629315922562
separated,25,4.0,dkw,300,0.9866666666666667,0.9933333333333333,1.0,0.0,0.10720000000000002,0.0,0.2966666666666667,0.008809636062396492,0.05767921394908402,0.3065114498886296,0.48597573019275436,0.006633137535414966,0.004706155586970109,0.0,0.0,0.010722218775691973,0.0,0.02641674975105538,0.00043514956140385625,0.0028842157465219934,0.0007032348204784306,0.0003379825634419612
separated,25,8.0,cp,300,0.99,1.0,1.0,0.0,0.9010666666666667,0.0,0.9966666666666667,0.005276738667729872,0.028067659723490408,0.19713327580345336,0.3505649876525296,0.005754160919975784,0.0,0.0,0.0,0.00697923234548706,0.0,0.003333333333333333,0.0003038511296000622,0.00162149595517031,0.0012594330510559068,0.0012782692382797092
separated,25,8.0,dkw,300,1.0,1.0,1.0,0.0,0.3922666666666667,0.0,0.7866666666666666,0.007131659768616271,0.04485106751633579,0.2729002822848081,0.45288052206824747,0.0,0.0,0.0,0.0,0.015436444543391825,0.0,0.02369131349654085,0.00036400509965588303,0.0023515336391068016,0.0006928828219966287,0.0003587033685881747
separated,50,1.0,cp,300,0.9866666666666667,0.9933333333333333,1.0,0.0,0.7228,0.0,0.9733333333333334,0.01030956821018443,0.06382070037383929,0.24113758099636773,0.4579844195421694,0.006633137535414968,0.004706155586970109,0.0,0.0,0.011250095007650352,0.0,0.009317074546885731,0.0007566776301631322,0.0036010698576164515,0.0011960007960538318,0.0005679647954542026
separated,50,1.0,dkw,300,0.99,0.9966666666666667,1.0,0.0,0.16986666666666667,0.0,0.49,0.026234490433402542,0.4444384748090394,0.31688835640523044,0.505050505050505,0.005754160919975786,0.003333333333333333,0.0,0.0,0.01207168973470203,0.0,0.028909962870561738,0.0006702864670808087,0.0,0.0006174036603843425,0.0
separated,50,2.0,cp,300,0.98,0.9933333333333333,1.0,0.0,0.9381333333333334,0.0,1.0,0.006143697284049255,0.04080676828335038,0.18619366159079848,0.391982390972259,0.008096409047527365,0.004706155586970108,0.0,0.0,0.0021466695749095687,0.0,0.0,0.0003605146395085164,0.002457412652576317,0.0011236836798319116,0.0008771335157786144
separated,50,2.0,dkw,300,0.9866666666666667,1.0,1.0,0.0,0.5849333333333333,0.0,0.9733333333333334,0.007243424416922085,0.05074126020446546,0.27190943564936265,0.4763317153117391,0.006633137535414967,0.0,0.0,0.0,0.009577413662946812,0.0,0.00931707454688573,0.00040407852732733007,0.0026341374388804415,0.0005854909370438617,0.0002833691641467073
separated,50,4.0,cp,300,0.9866666666666667,1.0,1.0,0.0,0.9935999999999999,0.0,1.0,0.0034340672091781863,0.02234389145512458,0.15197647938641964,0.32551062186424623,0.0066331375354149675,0.0,0.0,0.0,0.0008480550244027309,0.0,0.0,0.00020382120954200747,0.0014572162966906088,0.0009865473972618713,0.0011465287758804625
separated,50,4.0,dkw,300,0.99,1.0,1.0,0.0,0.7992,0.0,1.0,0.005353301394302238,0.04102273867470571,0.2375414478873805,0.4416543086493496,0.005754160919975784,0.0,0.0,0.0,0.003902673239837713,0.0,0.0,0.0002917372850105164,0.0024297144834123986,0.000544295933680174,0.00032224511136944977
separated,50,8.0,cp,300,0.9833333333333333,1.0,1.0,0.0,0.9998666666666666,0.0,1.0,0.0029663650280836937,0.016266208978319284,0.1283337362801577,0.2617418712786693,0.007403535467669013,0.0,0.0,0.0,0.00013333333333333301,0.0,0.0,0.00020112283529636967,0.0009865779948566645,0.0008868074924531523,0.0013025214853532175
separated,50,8.0,dkw,300,0.9933333333333333,1.0,1.0,0.0,0.8829333333333333,0.0,1.0,0.0037778976999305303,0.02521213379809246,0.20969452435273256,0.40614520396227066,0.004706155586970109,0.0,0.0,0.0,0.0017123678465122097,0.0,0.0,0.00023438492272292657,0.0017574331717798387,0.0005304370080785499,0.00037059412137762634
separated,100,1.0,cp,300,1.0,1.0,1.0,0.0,0.9837333333333333,0.0,1.0,0.005268835172405468,0.03773272884889975,0.16221984927108274,0.3803247913973212,0.0,0.0,0.0,0.0,0.0011974455655985106,0.0,0.0,0.0002851288148975997,0.002375873797046533,0.0010182421306887445,0.0008174726500558699
separated,100,1.0,dkw,300,1.0,1.0,1.0,0.0,0.7666666666666667,0.0,1.0,0.0065064767124480005,0.050305823082300236,0.24913490985717568,0.47034603120224383,0.0,0.0,0.0,0.0,0.0036616465076227075,0.0,0.0,0.00030747936716069463,0.0025872883244519177,0.000551455552155838,0.0002891018055692845
separated,100,2.0,cp,300,0.98,0.99,1.0,0.0,1.0,0.0,1.0,0.003162345363863713,0.02215311431598344,0.1257773929846537,0.3090193009928539,0.008096409047527365,0.005754160919975783,0.0,0.0,0.0,0.0,0.0,0.0002057993114064813,0.0015965263312380565,0.0007761902477815942,0.0010880507613871028
separated,100,2.0,dkw,300,0.9866666666666667,0.99,1.0,0.0,0.894,0.0,1.0,0.004951526529288386,0.03962229959558724,0.21330753210458903,0.43345800410822394,0.006633137535414967,0.005754160919975784,0.0,0.0,0.001861419604265468,0.0,0.0,0.00027460771996155626,0.0023868070319087676,0.00045027506536496256,0.00030691976366763256
separated,100,4.0,cp,300,0.9866666666666667,1.0,1.0,0.0,1.0,0.0,1.0,0.0019094381360153418,0.013319051050152192,0.10120814552710729,0.2427649902098332,0.006633137535414968,0.0,0.0,0.0,0.0,0.0,0.0,0.00014228638765226208,0.0007892259431704374,0.0006137022772701435,0.001136468130012136
separated,100,4.0,dkw,300,0.9966666666666667,1.0,1.0,0.0,0.9401333333333334,0.0,1.0,0.002867971765315787,0.0216559856447158,0.18453966040057587,0.3963199158021413,0.003333333333333334,0.0,0.0,0.0,0.0011719247651392915,0.0,0.0,0.00020177236883388563,0.0016487782570725887,0.00038826440882584366,0.00030412191257632963
separated,100,8.0,cp,300,0.98,0.9966666666666667,1.0,0.0,1.0,0.0,1.0,0.001418613207509229,0.010584160140080505,0.08581134836795243,0.18839151935656237,0.008096409047527365,0.0033333333333333335,0.0,0.0,0.0,0.0,0.0,9.821283996241642e-05,0.0004923623232778656,0.0005064053136869859,0.0010070030604706428
separated,100,8.0,dkw,300,0.9933333333333333,1.0,1.0,0.0,0.9641333333333334,0.0,1.0,0.0016832084935760475,0.01256431380930994,0.16221630774115622,0.35855040473653005,0.004706155586970109,0.0,0.0,0.0,0.0007290337114014151,0.0,0.0,0.0001137406976586627,0.0008084109257895829,0.000357552160029312,0.0003151177326793212
separated,200,1.0,cp,300,0.99,1.0,1.0,0.0,1.0,0.0,1.0,0.002428442898602316,0.017419573053646158,0.1101386942764648,0.2968597004265929,0.005754160919975785,0.0,0.0,0.0,0.0,0.0,0.0,0.00016798194177707033,0.0013484879551449718,0.0006221577485629954,0.0010042573115111668
separated,200,1.0,dkw,300,0.9966666666666667,1.0,1.0,0.0,0.9321333333333333,0.0,1.0,0.0036445810901436187,0.029751918251043077,0.19670689223058097,0.4275202895198848,0.003333333333333333,0.0,0.0,0.0,0.0014470770395455046,0.0,0.0,0.0002444843291474246,0.0021659140263862293,0.00037884821412771473,0.00027614649696267116
separated,200,2.0,cp,300,0.9866666666666667,0.9933333333333333,1.0,0.0,1.0,0.0,1.0,0.0014562347004092044,0.01142893959247961,0.0851658581008751,0.22784602865497358,0.006633137535414966,0.004706155586970109,0.0,0.0,0.0,0.0,0.0,0.0001088758684056525,0.0007635036917165686,0.00046403098209309173,0.0010687759303423402
separated,200,2.0,dkw,300,0.9933333333333333,1.0,1.0,0.0,0.9602666666666666,0.0,1.0,0.0023178250763357753,0.019362531753066944,0.16746442657436567,0.38946985113154925,0.004706155586970108,0.0,0.0,0.0,0.0001882462234788053,0.0,0.0,0.00018233549760037315,0.0015746992488773455,0.00031382336154523615,0.000287937471547201
separated,200,4.0,cp,300,0.98,0.9966666666666667,1.0,0.0,1.0,0.0,1.0,0.0008567719794697113,0.007927989420202883,0.06873922175579127,0.17275034840506778,0.008096409047527365,0.003333333333333333,0.0,0.0,0.0,0.0,0.0,6.296950376179096e-05,0.00043102374815506985,0.0003416629869260453,0.0008681989294298577
separated,200,4.0,dkw,300,0.9966666666666667,1.0,1.0,0.0,0.9920000000000001,0.0,1.0,0.0012501232856781549,0.01036322881070988,0.1443816460723285,0.35019598705195193,0.003333333333333333,0.0,0.0,0.0,0.0009253038911459847,0.0,0.0,9.511693081926279e-05,0.0007054354669371465,0.0002794369882723782,0.00028972389624446767
separated,200,8.0,cp,300,0.9833333333333333,0.9933333333333333,1.0,0.0,1.0,0.0,1.0,0.0007662969451905354,0.007462400934738305,0.05818165907878073,0.13224343043501843,0.007403535467669013,0.004706155586970109,0.0,0.0,0.0,0.0,0.0,5.274741100111582e-05,0.00036776718078523337,0.0002837244874830933,0.0006414110110732261
separated,200,8.0,dkw,300,0.99,1.0,1.0,0.0,1.0,0.0,1.0,0.0009218103998245012,0.007979059071118448,0.12626295884682603,0.3109505241035742,0.005754160919975783,0.0,0.0,0.0,0.0,0.0,0.0,6.0339609362287523e-05,0.0004082900584756806,0.0002630689972096526,0.00033929373572330065
separated,400,1.0,cp,300,0.9633333333333334,0.9866666666666667,1.0,0.0,1.0,0.0,1.0,0.0012411875440985441,0.010536130459690337,0.07524516479287552,0.21715573712287026,0.01086897062662093,0.006633137535414968,0.0,0.0,0.0,0.0,0.0,8.992458545352309e-05,0.0006591292012869116,0.00038806560668221515,0.000991713298724608
separated,400,1.0,dkw,300,0.9966666666666667,0.9966666666666667,1.0,0.0,0.9761333333333333,0.0,1.0,0.00171354164844779,0.014749774387469203,0.1557479534454487,0.3844902856604856,0.003333333333333333,0.003333333333333333,0.0,0.0,0.0011348078806783974,0.0,0.0,0.00015759125156456202,0.0013286316279754206,0.00028211609266779044,0.0002786026699106716
separated,400,2.0,cp,300,0.9866666666666667,0.99,1.0,0.0,1.0,0.0,1.0,0.000663917680423024,0.0077197185315911465,0.05823271913425591,0.1599163324228171,0.006633137535414967,0.005754160919975784,0.0,0.0,0.0,0.0,0.0,4.1022867432917936e-05,0.00042380085788508437,0.0002838459340377731,0.0008539689551118929
separated,400,2.0,dkw,300,0.9933333333333333,1.0,1.0,0.0,1.0,0.0,1.0,0.0008463527806828835,0.007856068859715279,0.13231580803824386,0.34416657218388275,0.004706155586970109,0.0,0.0,0.0,0.0,0.0,0.0,6.301875318546793e-05,0.0004817889348161081,0.0002432899979177987,0.00029515992958230623
separated,400,4.0,cp,300,0.9833333333333333,0.9966666666666667,1.0,0.0,1.0,0.0,1.0,0.0004193500254753414,0.005542767020014329,0.04767610462465551,0.12049578772085409,0.007403535467669015,0.003333333333333333,0.0,0.0,0.0,0.0,0.0,2.8154909211774735e-05,0.0003419996540734923,0.0001951744145441295,0.0005969573068246899
separated,400,4.0,dkw,300,0.99,1.0,1.0,0.0,1.0,0.0,1.0,0.0005423618290820384,0.005518059201287966,0.11415477493566124,0.30403908651184747,0.005754160919975783,0.0,0.0,0.0,0.0,0.0,0.0,3.838894470137578e-05,0.00030335792426541646,0.00020906135637338097,0.00028219600126325726
separated,400,8.0,cp,300,0.9666666666666667,0.9966666666666667,1.0,0.0,1.0,0.0,1.0,0.0003051607049541032,0.004068334997509468,0.04002172999553692,0.09230208654470089,0.010381070730216603,0.003333333333333333,0.0,0.0,0.0,0.0,0.0,2.3227964699933618e-05,0.0002576357949783431,0.00015373349995555574,0.00048274955896880525
separated,400,8.0,dkw,300,0.9933333333333333,1.0,1.0,0.0,1.0,0.0,1.0,0.0003916424829539333,0.004288456567688834,0.09933938370836709,0.2646036771328212,0.004706155586970109,0.0,0.0,0.0,0.0,0.0,0.0,2.521694781325304e-05,0.00020308181843825229,0.00018794109299513756,0.00027285143970971244
separated,800,1.0,cp,300,0.9766666666666667,0.9933333333333333,1.0,0.0,1.0,0.0,1.0,0.000693734735729604,0.008546836073094762,0.050906035685521225,0.15100495795756713,0.008730235947285763,0.004706155586970109,0.0,0.0,0.0,0.0,0.0,4.366496946984347e-05,0.00045625540560208347,0.00024187931810553843,0.00079626569265498
separated,800,1.0,dkw,300,0.9866666666666667,0.9966666666666667,1.0,0.0,1.0,0.0,1.0,0.0006816395405649159,0.00666115026766994,0.12329297251626702,0.3397802387162819,0.006633137535414967,0.0033333333333333335,0.0,0.0,0.0,0.0,0.0,6.654796114901072e-05,0.0005447780234491244,0.00021767045630316324,0.0002938241787969887
separated,800,2.0,cp,300,0.9666666666666667,0.99,1.0,0.0,1.0,0.0,1.0,0.00032665983390453015,0.00501736111864363,0.0400493908267449,0.11087924925771395,0.010381070730216603,0.005754160919975784,0.0,0.0,0.0,0.0,0.0,2.2853164079957574e-05,0.0003443875768603673,0.00015365214451445577,0.0005721338581271699
separated,800,2.0,dkw,300,0.9866666666666667,0.9966666666666667,1.0,0.0,1.0,0.0,1.0,0.0004392782912336569,0.0048667600314898675,0.10483438251836602,0.29890582060073256,0.006633137535414967,0.003333333333333333,0.0,0.0,0.0,0.0,0.0,3.0266727955191767e-05,0.0002560028655185313,0.00018053530852516633,0.00028004141651837494
separated,800,4.0,cp,300,0.9833333333333333,1.0,1.0,0.0,1.0,0.0,1.0,0.0001974601866696976,0.0031820364340443994,0.03289861837093169,0.08239101771954488,0.007403535467669016,0.0,0.0,0.0,0.0,0.0,0.0,1.5974492555491443e-05,0.0002459027080331867,9.516579567017989e-05,0.0004501832990627063
separated,800,4.0,dkw,300,0.9966666666666667,0.9966666666666667,1.0,0.0,1.0,0.0,1.0,0.00026414454097818663,0.0032913017726621556,0.09070879717421193,0.2594615621819909,0.003333333333333333,0.003333333333333333,0.0,0.0,0.0,0.0,0.0,1.680534468434641e-05,0.00015304937173582758,0.00014694238698773223,0.00027040838275873153
separated,800,8.0,cp,300,0.9833333333333333,0.9933333333333333,1.0,0.0004,1.0,0.006666666666666667,1.0,0.0001268811559231656,0.0020585794942113308,0.027968092524616774,0.0635372581887655,0.007403535467669015,0.004706155586970109,0.0,0.00029774327714633913,0.0,0.004706155586970109,0.0,9.529706760904153e-06,0.00013049350845171788,8.000511423315372e-05,0.00032835283706412924
separated,800,8.0,dkw,300,0.99,0.9966666666666667,1.0,0.0,1.0,0.0,1.0,0.00019784626507432642,0.002699890451354771,0.07940058230544858,0.22236852928874057,0.005754160919975786,0.003333333333333333,0.0,0.0,0.0,0.0,0.0,1.1008614955897672e-05,0.00011364713953627519,0.00012959882427467415,0.00022873038847858625
