scenario,dependence,band,repetitions,rate_coverage,metric_coverage,regret_coverage,strict_cert_fraction,learner_cert_fraction,strict_cert_any,learner_cert_any,mean_actual_regret,max_actual_regret,mean_regret_bound,max_regret_bound,rate_coverage_mcse,metric_coverage_mcse,regret_coverage_mcse,strict_cert_fraction_mcse,learner_cert_fraction_mcse,strict_cert_any_mcse,learner_cert_any_mcse,mean_actual_regret_mcse,max_actual_regret_mcse,mean_regret_bound_mcse,max_regret_bound_mcse
crossing,0.0,cp,300,0.98,1.0,1.0,0.0,0.0,0.0,0.0,0.015542181495910619,0.07664263725729521,0.19337742612493203,0.22254206551820033,0.008096409047527366,0.0,0.0,0.0,0.0,0.0,0.0,0.00038384499731037474,0.0011835202000455695,0.0005954967805623085,0.0006345022571099177
crossing,0.0,dkw,300,1.0,1.0,1.0,0.0,0.0,0.0,0.0,0.017774304619417723,0.08776286998197277,0.22746648489536847,0.254507971497046,0.0,0.0,0.0,0.0,0.0,0.0,0.0,0.00032629858419439987,0.0009118959640588279,0.0007611968523369394,0.0010896004986459184
crossing,0.3,cp,300,0.9833333333333333,1.0,1.0,0.0,0.0,0.0,0.0,0.016045705207121938,0.07667176849994704,0.1943850224588549,0.22331463247124342,0.007403535467669013,0.0,0.0,0.0,0.0,0.0,0.0,0.00044078467751126286,0.0011969710708944067,0.0005797701196542056,0.0006206412540554732
crossing,0.3,dkw,300,0.9933333333333333,1.0,1.0,0.0,0.0,0.0,0.0,0.01823485825286996,0.08761146290319054,0.2283988770039023,0.25578969551484304,0.004706155586970109,0.0,0.0,0.0,0.0,0.0,0.0,0.00037048298274795083,0.0009769398499033797,0.0007233565470703388,0.0010329880613100422
crossing,0.7,cp,300,0.99,1.0,1.0,0.0,0.0,0.0,0.0,0.016747722161514114,0.07866975752550252,0.19376308054527144,0.22259023062892236,0.005754160919975785,0.0,0.0,0.0,0.0,0.0,0.0,0.0004493278082639532,0.0013083535228239546,0.0006208756007906791,0.0006558133587264169
crossing,0.7,dkw,300,0.9933333333333333,1.0,1.0,0.0,0.0,0.0,0.0,0.01850004432854041,0.09072592398660417,0.22813812361240118,0.25642515397000876,0.004706155586970108,0.0,0.0,0.0,0.0,0.0,0.0,0.00035504391931256806,0.0010053159371836097,0.0008158042504193428,0.0011757255060482479
crossing,0.9,cp,300,0.9866666666666667,0.9933333333333333,1.0,0.0,0.0,0.0,0.0,0.01597333105646759,0.07844681961768735,0.1933012863166824,0.22286325289835793,0.006633137535414967,0.004706155586970109,0.0,0.0,0.0,0.0,0.0,0.0004197561110671323,0.0013216399749908455,0.0005919371577764633,0.0006106692129628469
crossing,0.9,dkw,300,0.9966666666666667,0.9966666666666667,1.0,0.0,0.0,0.0,0.0,0.017989551112497146,0.09150529892491831,0.2271123411542827,0.2562839694905043,0.003333333333333333,0.003333333333333333,0.0,0.0,0.0,0.0,0.0,0.0003266144657514154,0.001046023847813685,0.0007707518021581345,0.0011080514052063217
separated,0.0,cp,300,0.9833333333333333,0.9966666666666667,1.0,0.0,1.0,0.0,1.0,0.0018478810329611414,0.013424725689557899,0.10124484487810548,0.24295283624883662,0.007403535467669015,0.003333333333333333,0.0,0.0,0.0,0.0,0.0,0.00013351965180861386,0.0008756356736431204,0.0006135553440677577,0.001065579886492348
separated,0.0,dkw,300,0.9933333333333333,0.9966666666666667,1.0,0.0,0.9421333333333333,0.0,1.0,0.0028968396671317648,0.022192541369442886,0.1844828057469729,0.39652277886068843,0.004706155586970108,0.003333333333333333,0.0,0.0,0.0011806440935606297,0.0,0.0,0.00019314567656693744,0.0015867284303360844,0.0003879719951618937,0.0003147467364060493
separated,0.3,cp,300,0.99,1.0,1.0,0.0,1.0,0.0,1.0,0.0017016951496603653,0.012109176649012359,0.10137035888931935,0.24166944665330065,0.005754160919975786,0.0,0.0,0.0,0.0,0.0,0.0,0.000114269501416477,0.0006664774662848576,0.0005969357596054209,0.001156066022125341
separated,0.3,dkw,300,0.9966666666666667,1.0,1.0,0.0,0.9408000000000001,0.0,1.0,0.0028947177921689036,0.022424069440515088,0.1847125600159768,0.3962957538132946,0.0033333333333333335,0.0,0.0,0.0,0.0011557041896233815,0.0,0.0,0.000197745237924902,0.0016594465024531056,0.00037592428097061686,0.00029692150973661946
separated,0.7,cp,300,0.9833333333333333,1.0,1.0,0.0,1.0,0.0,1.0,0.0019527649337274077,0.012857604761256577,0.10157123826998823,0.24161805523213023,0.007403535467669015,0.0,0.0,0.0,0.0,0.0,0.0,0.00013427149026988254,0.0007069734326363471,0.0005817011176637423,0.0010464253553582365
separated,0.7,dkw,300,0.99,1.0,1.0,0.0,0.9408000000000001,0.0,1.0,0.0030814553164707228,0.023385031330175686,0.18487999821143297,0.39635449477817936,0.005754160919975784,0.0,0.0,0.0,0.0011710365683317138,0.0,0.0,0.00019582321017409178,0.0016278018566602,0.0003868668540412092,0.00027924297759984577
separated,0.9,cp,300,0.9866666666666667,0.9966666666666667,1.0,0.0,1.0,0.0,1.0,0.001891408387446289,0.013395846847979783,0.10100027244770342,0.24148563283586308,0.006633137535414966,0.0033333333333333335,0.0,0.0,0.0,0.0,0.0,0.00012620417153360694,0.0007565190247220985,0.0006236657084182628,0.0011328242224124426
separated,0.9,dkw,300,0.9966666666666667,1.0,1.0,0.0,0.9397333333333334,0.0,1.0,0.0030290005774492217,0.023463318004142676,0.18446595027139912,0.39652462488744356,0.003333333333333333,0.0,0.0,0.0,0.0012019060794041488,0.0,0.0,0.00019958713753335876,0.0016525996614721091,0.00039564342108120007,0.00031910875201516116
