scenario,grid_points,repetitions,mean_bound,mean_grid_max,mean_correction
crossing,25,200,0.3077164905583135,0.26151094654833446,0.04620554400997905
crossing,51,200,0.2838461503637953,0.26166748923900535,0.02217866112478994
crossing,101,200,0.27278428222890017,0.2616949516665052,0.01108933056239497
crossing,201,200,0.26724937301553203,0.2617047077343346,0.005544665281197485
crossing,401,200,0.26447918335483406,0.26170685071423533,0.0027723326405987426
crossing,801,200,0.26309355335415596,0.26170738703385654,0.0013861663202993713
crossing,1601,200,0.2624005878845886,0.2617075047244389,0.0006930831601496857
separated,25,200,0.40434979234595014,0.2836862724262669,0.12066351991968316
separated,51,200,0.34160476198771483,0.2836862724262669,0.05791848956144792
separated,101,200,0.3126455172069909,0.2836862724262669,0.02895924478072396
separated,201,200,0.2981658948166289,0.2836862724262669,0.01447962239036198
separated,401,200,0.29092608362144795,0.2836862724262669,0.00723981119518099
separated,801,200,0.28730617802385744,0.2836862724262669,0.003619905597590495
separated,1601,200,0.2854962252250622,0.2836862724262669,0.0018099527987952475
