frontier_density,total_k,n1,band,repetitions,rate_coverage,metric_coverage,regret_coverage,strict_cert_fraction,strict_cert_any,false_strict_fraction,false_strict_any,mean_actual_regret,max_actual_regret,mean_regret_bound,max_regret_bound,rate_coverage_mcse,metric_coverage_mcse,regret_coverage_mcse,strict_cert_fraction_mcse,strict_cert_any_mcse,false_strict_fraction_mcse,false_strict_any_mcse,mean_actual_regret_mcse,max_actual_regret_mcse,mean_regret_bound_mcse,max_regret_bound_mcse
4,8,25,cp,1000,0.974,0.992,1.0,0.0,0.0,0.0,0.0,0.01679348443863044,0.06364999155833491,0.3509033805950191,0.41298047730405296,0.005034813735318253,0.0028185003005044965,0.0,0.0,0.0,0.0,0.0,0.00035604301514769777,0.0008709774152522733,0.0005738833887776738,0.0005057158904138466
4,8,25,dkw,1000,0.998,1.0,1.0,0.0,0.0,0.0,0.0,0.020454555606702268,0.07813768132317755,0.46880422599150995,0.5426844655799331,0.0014135055705578234,0.0,0.0,0.0,0.0,0.0,0.0,0.00039797911941258406,0.0009956838614082685,0.0008025286606504201,0.0003555480733847652
4,8,100,cp,1000,0.956,0.987,1.0,0.0,0.0,0.0,0.0,0.007956866041110186,0.039101706866442903,0.19090512034026075,0.2522698026789402,0.006488921798427388,0.003583830889403659,0.0,0.0,0.0,0.0,0.0,0.00017001826117089827,0.0005267052306815545,0.00016814409485961328,0.0005086871157498388
4,8,100,dkw,1000,0.998,1.0,1.0,0.0,0.0,0.0,0.0,0.010370983353644713,0.05398484134091667,0.295012004149474,0.425470889588315,0.0014135055705578234,0.0,0.0,0.0,0.0,0.0,0.0,0.00016925071593307006,0.0005876894580427308,0.00018684916496774067,0.00046567201000807833
4,8,400,cp,1000,0.955,0.985,1.0,0.00035999999999999997,0.008,0.0,0.0,0.0025461365911531374,0.018780031093210404,0.09766151596382724,0.1329722076296449,0.006558812241406062,0.0038457495745029715,0.0,0.00013224177814854078,0.0028185003005044974,0.0,0.0,8.205744379178166e-05,0.00036390383047480953,4.53111830887437e-05,0.00018919334982422147
4,8,400,dkw,1000,0.997,1.0,1.0,0.0,0.0,0.0,0.0,0.003908487919783984,0.03168430513087361,0.1654414693550867,0.2895868177329717,0.0017303161543469438,0.0,0.0,0.0,0.0,0.0,0.0,8.76835586220687e-05,0.0004812610213573504,0.00011699784383526562,0.0002928540808016197
4,8,800,cp,1000,0.957,0.991,1.0,0.0047599999999999995,0.118,0.0,0.0,0.0012725610215937678,0.012057907367729591,0.06920365471405039,0.09426678645310042,0.006418114379799743,0.0029879638431426717,0.0,0.0004136586920560397,0.010206869264381718,0.0,0.0,4.747382770060481e-05,0.0002634480581662614,2.3820096271178247e-05,0.00010179632485556389
4,8,800,dkw,1000,0.999,1.0,1.0,0.0,0.0,0.0,0.0,0.0019651197535268125,0.02032932527864935,0.12134552200585934,0.2546979720381255,0.001,0.0,0.0,0.0,0.0,0.0,0.0,5.044641680060775e-05,0.0003585383321573833,4.374661782090082e-05,0.00016855967758010624
4,32,25,cp,1000,0.977,0.998,1.0,0.0,0.0,0.0,0.0,0.01645254812005891,0.0626593395103574,0.3871269735270308,0.43953040903634427,0.0047427305946567844,0.0014135055705578232,0.0,0.0,0.0,0.0,0.0,0.0003422183300810005,0.0008550107563750042,0.0006271197229232309,0.00043460127626438236
4,32,25,dkw,1000,1.0,1.0,1.0,0.0,0.0,0.0,0.0,0.02034039800848708,0.07828586410583548,0.4939211433760796,0.5552495356582552,0.0,0.0,0.0,0.0,0.0,0.0,0.0,0.00037790532925724543,0.000970022129045185,0.0008674433834593915,0.000289236385737095
4,32,100,cp,1000,0.972,0.995,1.0,0.0,0.0,0.0,0.0,0.008161233444074522,0.039974884025634455,0.2144368594562522,0.2786166180468156,0.005219506034410081,0.002231586874844889,0.0,0.0,0.0,0.0,0.0,0.00017976204903466498,0.0005583004410222907,0.0001862946708343498,0.00048727177618541304
4,32,100,dkw,1000,1.0,1.0,1.0,0.0,0.0,0.0,0.0,0.011092961842237452,0.05683144437324347,0.318473821314444,0.43903356448396663,0.0,0.0,0.0,0.0,0.0,0.0,0.0,0.00018520629675236673,0.0006320245775729157,0.0001976066806928749,0.0004678948806616218
4,32,400,cp,1000,0.964,0.993,1.0,0.00011999999999999999,0.003,0.0,0.0,0.00270819513797267,0.01979911394078542,0.11048695338508716,0.14998118572812486,0.005893957816165528,0.0026377941462437833,0.0,6.921264617387777e-05,0.001730316154346943,0.0,0.0,8.018640132595994e-05,0.0003513604662716706,5.077894965268978e-05,0.00021762497526885537
4,32,400,dkw,1000,1.0,1.0,1.0,0.0,0.0,0.0,0.0,0.004199603377727483,0.03370946295759059,0.18165440427011778,0.3058098494238333,0.0,0.0,0.0,0.0,0.0,0.0,0.0,8.643993482847185e-05,0.0004883253418197127,0.0001457192105221285,0.0004929180365154143
4,32,800,cp,1000,0.954,0.991,1.0,0.00076,0.018,0.0,0.0,0.0013130349698136487,0.0127186748427134,0.07846695919856755,0.10661401976503795,0.006627814717380677,0.0029879638431426748,0.0,0.0001818115932922194,0.004206387249611441,0.0,0.0,4.780524349431839e-05,0.000281570343289916,2.6515417016665932e-05,0.00011231243230348289
4,32,800,dkw,1000,1.0,1.0,1.0,0.0,0.0,0.0,0.0,0.0022304991431261675,0.023345660464352793,0.13209401340718946,0.26330099470532226,0.0,0.0,0.0,0.0,0.0,0.0,0.0,5.298762673667034e-05,0.0004003204280308451,5.035059080639513e-05,0.00016382510157082612
8,8,25,cp,1000,0.983,0.999,1.0,0.0,0.0,0.0,0.0,0.01536731751256913,0.05917678562938415,0.34264872791146783,0.4188899505303773,0.004089954489689064,0.0009999999999999998,0.0,0.0,0.0,0.0,0.0,0.000294396123715637,0.000879765702304898,0.0005792350260887217,0.00043562943940231487
8,8,25,dkw,1000,1.0,1.0,1.0,0.0,0.0,0.0,0.0,0.018891081805616758,0.07567636317063962,0.45400564716270025,0.5409789102031087,0.0,0.0,0.0,0.0,0.0,0.0,0.0,0.0003172859060130743,0.0009329770141573972,0.0007518927657463621,0.0002747876592785156
8,8,100,cp,1000,0.961,0.996,1.0,0.0,0.0,0.0,0.0,0.007910359317505654,0.03495064283479872,0.18840437102855367,0.2538458290246096,0.006125072776426132,0.0019969947390987256,0.0,0.0,0.0,0.0,0.0,0.00013968305822302982,0.0004927318056544643,0.00014885078734617823,0.0004434894279100901
8,8,100,dkw,1000,0.999,1.0,1.0,0.0,0.0,0.0,0.0,0.010584162585626545,0.050196037604230026,0.29777927117950187,0.4300552263284255,0.0010000000000000002,0.0,0.0,0.0,0.0,0.0,0.0,0.0001510377601076916,0.0006349076487245321,0.00025295934583198867,0.0005477287921386406
8,8,400,cp,1000,0.967,0.996,1.0,0.0,0.0,0.0,0.0,0.0035698844202148145,0.018606087540962272,0.0968758564248374,0.132559064002225,0.005651808820452347,0.001996994739098727,0.0,0.0,0.0,0.0,0.0,5.900782911550047e-05,0.00025293136988902937,3.9696973370806104e-05,0.00020612947832053953
8,8,400,dkw,1000,0.999,1.0,1.0,0.0,0.0,0.0,0.0,0.004827819496316436,0.027302316388859438,0.16737460361455597,0.3144313237704327,0.001,0.0,0.0,0.0,0.0,0.0,0.0,6.284507049538419e-05,0.000348976138855989,8.284693944351744e-05,0.0002979113946966762
8,8,800,cp,1000,0.96,0.998,1.0,0.0,0.0,0.0,0.0,0.0024013761843870575,0.013412716088558716,0.06877646046241383,0.0942671355730104,0.006199874066337024,0.0014135055705578232,0.0,0.0,0.0,0.0,0.0,3.94346292874931e-05,0.00019211938118931826,1.9904630320620508e-05,0.00010802154656666484
8,8,800,dkw,1000,0.999,0.999,1.0,0.0,0.0,0.0,0.0,0.0032749093524819337,0.02023020748479447,0.12432418852289641,0.26330125582889335,0.0010000000000000002,0.0010000000000000002,0.0,0.0,0.0,0.0,0.0,4.5476356084874914e-05,0.0002681152365168551,7.430484367546273e-05,0.0003872888084312545
8,32,25,cp,1000,0.975,0.996,1.0,0.0,0.0,0.0,0.0,0.015409963829263035,0.05889317620097379,0.37886212449797474,0.44627149878142747,0.004939574819698492,0.0019969947390987264,0.0,0.0,0.0,0.0,0.0,0.00029083522717351663,0.0008295775952536855,0.0005934064652834518,0.00036954946092094865
8,32,25,dkw,1000,1.0,1.0,1.0,0.0,0.0,0.0,0.0,0.019042480551280123,0.0760793735665492,0.4781815821486066,0.5515666779009525,0.0,0.0,0.0,0.0,0.0,0.0,0.0,0.00030870031162146347,0.0009073156571277516,0.0007478523874642164,0.0002505456660574044
8,32,100,cp,1000,0.975,0.998,1.0,0.0,0.0,0.0,0.0,0.008150926562396594,0.035732391751810866,0.21174160389597266,0.2808898422992489,0.004939574819698492,0.0014135055705578234,0.0,0.0,0.0,0.0,0.0,0.0001407737916742285,0.0004987410254988088,0.000170814939995612,0.00044268669500701626
8,32,100,dkw,1000,0.999,1.0,1.0,0.0,0.0,0.0,0.0,0.010980110859436851,0.05114983930530133,0.3222670595821691,0.4486219419353749,0.001,0.0,0.0,0.0,0.0,0.0,0.0,0.00015106299020388225,0.000651638395627621,0.0002798790982865828,0.0005631258181456743
8,32,400,cp,1000,0.971,0.997,1.0,0.0,0.0,0.0,0.0,0.003551677129783259,0.018423537883473014,0.10970145764483422,0.14979179628819592,0.005309160685756945,0.0017303161543469434,0.0,0.0,0.0,0.0,0.0,6.083174632414885e-05,0.00026334598063462733,4.310385196147802e-05,0.00022182337635441292
8,32,400,dkw,1000,1.0,1.0,1.0,0.0,0.0,0.0,0.0,0.005076646461360007,0.02902223314858193,0.1827036732121921,0.3269539113008008,0.0,0.0,0.0,0.0,0.0,0.0,0.0,6.633782241347737e-05,0.00037017306398252876,0.0001058182940096468,0.00034079704785138035
8,32,800,cp,1000,0.955,0.988,1.0,0.0,0.0,0.0,0.0,0.0024260142296519244,0.013546144363560768,0.07798005461120774,0.10659568205160666,0.006558812241406061,0.003444977194099818,0.0,0.0,0.0,0.0,0.0,4.421626118101855e-05,0.000206425535166356,2.2474246341278754e-05,0.00012153803584903877
8,32,800,dkw,1000,1.0,1.0,1.0,0.0,0.0,0.0,0.0,0.0034108071045861354,0.021135746393774555,0.1360226499081871,0.28230465098817975,0.0,0.0,0.0,0.0,0.0,0.0,0.0,4.981431360235596e-05,0.0002986341665056139,7.028618460345908e-05,0.0004016443317734107
