thresholds_per_score,n1,variant,policy_count,band,repetitions,strict_cert_fraction,strict_cert_any,false_strict_certificate,mean_regret,mean_bound,strict_cert_fraction_mcse,mean_regret_mcse,mean_bound_mcse
6,25,labelled,18,cp,500,0.0,0.0,0.0,0.0032433038522452005,0.22975612085749159,0.0,0.00010786931092196938,0.0010923594014256382
6,25,labelled,18,dkw,500,0.0,0.0,0.0,0.0043686724933134895,0.3122910586524397,0.0,0.00015366831858607718,0.0006076284119241445
6,25,structural_unique,11,cp,500,0.0,0.0,0.0,0.003252813854492941,0.21929879884919223,0.0,0.00011325632914949896,0.0010806305384748938
6,25,structural_unique,11,dkw,500,0.0,0.0,0.0,0.0043686724933134895,0.3122910586524397,0.0,0.00015366831858607718,0.0006076284119241445
6,100,labelled,18,cp,500,0.16552,0.564,0.0,0.0010643651666461318,0.1021334119503371,0.008371907600645597,6.458721670946058e-05,0.0004456857008758605
6,100,labelled,18,dkw,500,0.0,0.0,0.0,0.0036276990281535804,0.18828791220322758,0.0,2.3125309209531883e-05,0.0003439759335667381
6,100,structural_unique,11,cp,500,0.22144,0.668,0.0,0.0010509645669511836,0.09749530657943414,0.009169209431745269,6.420852523303936e-05,0.00043073681576664356
6,100,structural_unique,11,dkw,500,0.0,0.0,0.0,0.0036276990281535804,0.18828791220322758,0.0,2.3125309209531883e-05,0.0003439759335667381
6,400,labelled,18,cp,500,0.7547200000000001,1.0,0.0,0.00019251331772340973,0.04718725607540624,0.0020902107937537423,1.270330728896123e-05,0.00013632495414956362
6,400,labelled,18,dkw,500,0.37295999999999996,1.0,0.0,0.003359253247801786,0.11887305107033365,0.004769651554558656,4.486870996616452e-05,0.00020732288690747852
6,400,structural_unique,11,cp,500,0.76728,1.0,0.0,0.00019251331772340973,0.04503835878098952,0.002029739610337135,1.270330728896123e-05,0.00013061702318502793
6,400,structural_unique,11,dkw,500,0.37295999999999996,1.0,0.0,0.003359253247801786,0.11887305107033365,0.004769651554558656,4.486870996616452e-05,0.00020732288690747852
12,25,labelled,36,cp,500,0.0,0.0,0.0,0.007418753906663358,0.23131999583384152,0.0,0.00028668944499495567,0.001000460111363718
12,25,labelled,36,dkw,500,0.0,0.0,0.0,0.008893285348363112,0.30663760831428494,0.0,0.0003381200846824577,0.0005163629891050196
12,25,structural_unique,29,cp,500,0.0,0.0,0.0,0.007398847091624848,0.22694330060717743,0.0,0.0002864953540434768,0.000998476434208893
12,25,structural_unique,29,dkw,500,0.0,0.0,0.0,0.008893285348363112,0.30663760831428494,0.0,0.0003381200846824577,0.0005163629891050196
12,100,labelled,36,cp,500,0.0,0.0,0.0,0.0017947396518568721,0.10135447350686234,0.0,9.270314710278224e-05,0.0004889744479374079
12,100,labelled,36,dkw,500,0.0,0.0,0.0,0.0029536725296962535,0.1847739160221798,0.0,0.00015046766152836585,0.00031677334522430586
12,100,structural_unique,29,cp,500,0.0,0.0,0.0,0.0017906420264287301,0.0994962838777269,0.0,9.259805376708721e-05,0.00048383680126834683
12,100,structural_unique,29,dkw,500,0.0,0.0,0.0,0.0029536725296962535,0.1847739160221798,0.0,0.00015046766152836585,0.00031677334522430586
12,400,labelled,36,cp,500,0.0,0.0,0.0,0.000379944998102144,0.047418688447968343,0.0,2.1127219705967577e-05,0.00014388980325027707
12,400,labelled,36,dkw,500,0.0,0.0,0.0,0.0005096643692388595,0.11381637455387095,0.0,2.7899218823438924e-05,0.00015483749801905846
12,400,structural_unique,29,cp,500,0.0,0.0,0.0,0.0003788548638279589,0.04658619553759677,0.0,2.1265705650214097e-05,0.00014161901697899503
12,400,structural_unique,29,dkw,500,0.0,0.0,0.0,0.0005096643692388595,0.11381637455387095,0.0,2.7899218823438924e-05,0.00015483749801905846
22,25,labelled,66,cp,500,0.0,0.0,0.0,0.009336185913624817,0.2375985117879253,0.0,0.0003748503976791773,0.0009714537089106298
22,25,labelled,66,dkw,500,0.0,0.0,0.0,0.010842315347316877,0.3036925909193629,0.0,0.00040955020960478286,0.0004977040859098808
22,25,structural_unique,59,cp,500,0.0,0.0,0.0,0.009264193810862631,0.2354088331146572,0.0,0.00037432227518537585,0.0009708912575223968
22,25,structural_unique,59,dkw,500,0.0,0.0,0.0,0.010842315347316877,0.3036925909193629,0.0,0.00040955020960478286,0.0004977040859098808
22,100,labelled,66,cp,500,0.0,0.0,0.0,0.0029317773210983267,0.10316204261590953,0.0,9.31538000799047e-05,0.00046408289725026155
22,100,labelled,66,dkw,500,0.0,0.0,0.0,0.003781371732538515,0.18244441159450248,0.0,0.00011321627293217273,0.00028312580179992285
22,100,structural_unique,59,cp,500,0.0,0.0,0.0,0.0029262318197782653,0.10224813210334531,0.0,9.309642325754771e-05,0.0004618533463395699
22,100,structural_unique,59,dkw,500,0.0,0.0,0.0,0.003781371732538515,0.18244441159450248,0.0,0.00011321627293217273,0.00028312580179992285
22,400,labelled,66,cp,500,0.0,0.0,0.0,0.001027064945989037,0.04898032474311501,0.0,3.106757884021319e-05,0.00015026201028566465
22,400,labelled,66,dkw,500,0.0,0.0,0.0,0.0014385961502010728,0.1122553942904395,0.0,4.576726201227887e-05,0.0001663550316873727
22,400,structural_unique,59,cp,500,0.0,0.0,0.0,0.0010256483874403536,0.04856972863006972,0.0,3.0987942031705456e-05,0.00014916232578038145
22,400,structural_unique,59,dkw,500,0.0,0.0,0.0,0.0014385961502010728,0.1122553942904395,0.0,4.576726201227887e-05,0.0001663550316873727
