family,K,rep,method,seconds,root_solves,segments,frontier_size
sqrt,32,0,stack_complete,0.008451500005321577,29,30,32
sqrt,32,0,all_pairs_complete,0.13231879999511875,496,30,32
sqrt,32,1,stack_complete,0.00811190000968054,29,30,32
sqrt,32,1,all_pairs_complete,0.12050859999726526,496,30,32
sqrt,32,2,stack_complete,0.008238800000981428,29,30,32
sqrt,32,2,all_pairs_complete,0.12048720000893809,496,30,32
sqrt,64,0,stack_complete,0.017125700003816746,60,61,64
sqrt,64,0,all_pairs_complete,0.490191999997478,2016,61,64
sqrt,64,1,stack_complete,0.01697969999804627,60,61,64
sqrt,64,1,all_pairs_complete,0.4891317000001436,2016,61,64
sqrt,64,2,stack_complete,0.01698719999694731,60,61,64
sqrt,64,2,all_pairs_complete,0.4895455000078073,2016,61,64
sqrt,128,0,stack_complete,0.034981999997398816,122,123,128
sqrt,128,0,all_pairs_complete,1.989725699997507,8128,123,128
sqrt,128,1,stack_complete,0.03484170000592712,122,123,128
sqrt,128,1,all_pairs_complete,2.073817299999064,8128,123,128
sqrt,128,2,stack_complete,0.03474139999889303,122,123,128
sqrt,128,2,all_pairs_complete,1.9934609999909298,8128,123,128
sqrt,256,0,stack_complete,0.07004580000648275,244,245,256
sqrt,256,0,all_pairs_complete,8.027082900007372,32640,245,256
sqrt,256,1,stack_complete,0.07080149999819696,244,245,256
sqrt,256,1,all_pairs_complete,8.026041799996165,32640,245,256
sqrt,256,2,stack_complete,0.07225610000023153,244,245,256
sqrt,256,2,all_pairs_complete,8.007203100001789,32640,245,256
sqrt,1024,0,stack_complete,0.29681020000134595,978,979,1024
sqrt,1024,1,stack_complete,0.2986793000018224,978,979,1024
sqrt,1024,2,stack_complete,0.2898638999904506,978,979,1024
diagonal,32,0,stack_complete,0.00884139999106992,31,32,32
diagonal,32,0,all_pairs_complete,0.12437380000483245,496,32,32
diagonal,32,1,stack_complete,0.008721599995624274,31,32,32
diagonal,32,1,all_pairs_complete,0.1265419999981532,496,32,32
diagonal,32,2,stack_complete,0.009062099998118356,31,32,32
diagonal,32,2,all_pairs_complete,0.12453950000053737,496,32,32
diagonal,64,0,stack_complete,0.018054700005450286,61,62,64
diagonal,64,0,all_pairs_complete,0.5105174000054831,2016,62,64
diagonal,64,1,stack_complete,0.017506000003777444,61,62,64
diagonal,64,1,all_pairs_complete,0.5101696999918204,2016,62,64
diagonal,64,2,stack_complete,0.01754310000978876,61,62,64
diagonal,64,2,all_pairs_complete,0.5259992999926908,2016,62,64
diagonal,128,0,stack_complete,0.03652919999149162,125,126,128
diagonal,128,0,all_pairs_complete,2.0474363999965135,8128,126,128
diagonal,128,1,stack_complete,0.036092800000915304,125,126,128
diagonal,128,1,all_pairs_complete,2.025783999997657,8128,126,128
diagonal,128,2,stack_complete,0.03684070000599604,125,126,128
diagonal,128,2,all_pairs_complete,2.017950399997062,8128,126,128
diagonal,256,0,stack_complete,0.0737580999993952,249,250,256
diagonal,256,0,all_pairs_complete,8.265668399995775,32640,250,256
diagonal,256,1,stack_complete,0.07325169999967329,249,250,256
diagonal,256,1,all_pairs_complete,8.156816100003198,32640,250,256
diagonal,256,2,stack_complete,0.07356679999793414,249,250,256
diagonal,256,2,all_pairs_complete,8.15319840000302,32640,250,256
diagonal,1024,0,stack_complete,0.3001748999959091,1003,1004,1024
diagonal,1024,1,stack_complete,0.3054913999949349,1003,1004,1024
diagonal,1024,2,stack_complete,0.3170096999965608,1003,1004,1024
