family,K,method,seconds_median,seconds_min,seconds_max,root_solves,segments
diagonal,32,all_pairs_complete,0.12453950000053737,0.12437380000483245,0.1265419999981532,496,32
diagonal,32,stack_complete,0.00884139999106992,0.008721599995624274,0.009062099998118356,31,32
diagonal,64,all_pairs_complete,0.5105174000054831,0.5101696999918204,0.5259992999926908,2016,62
diagonal,64,stack_complete,0.01754310000978876,0.017506000003777444,0.018054700005450286,61,62
diagonal,128,all_pairs_complete,2.025783999997657,2.017950399997062,2.0474363999965135,8128,126
diagonal,128,stack_complete,0.03652919999149162,0.036092800000915304,0.03684070000599604,125,126
diagonal,256,all_pairs_complete,8.156816100003198,8.15319840000302,8.265668399995775,32640,250
diagonal,256,stack_complete,0.07356679999793414,0.07325169999967329,0.0737580999993952,249,250
diagonal,1024,stack_complete,0.3054913999949349,0.3001748999959091,0.3170096999965608,1003,1004
sqrt,32,all_pairs_complete,0.12050859999726526,0.12048720000893809,0.13231879999511875,496,30
sqrt,32,stack_complete,0.008238800000981428,0.00811190000968054,0.008451500005321577,29,30
sqrt,64,all_pairs_complete,0.4895455000078073,0.4891317000001436,0.490191999997478,2016,61
sqrt,64,stack_complete,0.01698719999694731,0.01697969999804627,0.017125700003816746,60,61
sqrt,128,all_pairs_complete,1.9934609999909298,1.989725699997507,2.073817299999064,8128,123
sqrt,128,stack_complete,0.03484170000592712,0.03474139999889303,0.034981999997398816,122,123
sqrt,256,all_pairs_complete,8.026041799996165,8.007203100001789,8.027082900007372,32640,245
sqrt,256,stack_complete,0.07080149999819696,0.07004580000648275,0.07225610000023153,244,245
sqrt,1024,stack_complete,0.29681020000134595,0.2898638999904506,0.2986793000018224,978,979
